-- phpMyAdmin SQL Dump
-- version 5.0.2
-- https://www.phpmyadmin.net/
--
-- Host: 127.0.0.1
-- Generation Time: Jan 31, 2021 at 10:38 PM
-- Server version: 10.4.11-MariaDB
-- PHP Version: 7.4.6

SET SQL_MODE = "NO_AUTO_VALUE_ON_ZERO";
START TRANSACTION;
SET time_zone = "+00:00";


/*!40101 SET @OLD_CHARACTER_SET_CLIENT=@@CHARACTER_SET_CLIENT */;
/*!40101 SET @OLD_CHARACTER_SET_RESULTS=@@CHARACTER_SET_RESULTS */;
/*!40101 SET @OLD_COLLATION_CONNECTION=@@COLLATION_CONNECTION */;
/*!40101 SET NAMES utf8mb4 */;

--
-- Database: `db_sstlaptop3`
--

-- --------------------------------------------------------

--
-- Table structure for table `branches`
--

CREATE TABLE `branches` (
  `id` bigint(20) UNSIGNED NOT NULL,
  `code` varchar(255) COLLATE utf8mb4_unicode_ci NOT NULL,
  `description` varchar(255) COLLATE utf8mb4_unicode_ci NOT NULL,
  `contact_person` varchar(255) COLLATE utf8mb4_unicode_ci DEFAULT NULL,
  `phone_no` varchar(255) COLLATE utf8mb4_unicode_ci DEFAULT NULL,
  `email` varchar(255) COLLATE utf8mb4_unicode_ci DEFAULT NULL,
  `status` int(11) NOT NULL COMMENT '1=Active; 2=Archived',
  `created_by` bigint(20) UNSIGNED NOT NULL,
  `last_updated_by` bigint(20) UNSIGNED NOT NULL,
  `logdel` tinyint(4) NOT NULL DEFAULT 0,
  `created_at` timestamp NULL DEFAULT NULL,
  `updated_at` timestamp NULL DEFAULT NULL
) ENGINE=InnoDB DEFAULT CHARSET=utf8mb4 COLLATE=utf8mb4_unicode_ci;

--
-- Dumping data for table `branches`
--

INSERT INTO `branches` (`id`, `code`, `description`, `contact_person`, `phone_no`, `email`, `status`, `created_by`, `last_updated_by`, `logdel`, `created_at`, `updated_at`) VALUES
(1, 'SM MOA', 'SM MALL OF ASIA', NULL, NULL, NULL, 1, 2, 2, 0, '2020-11-09 16:50:22', '2020-11-09 16:50:37'),
(2, 'SM MEGAMALL', 'SM MEGAMALL', NULL, NULL, NULL, 1, 2, 2, 0, '2020-11-15 21:28:42', '2020-11-15 21:28:42'),
(3, 'SM CUBAO', 'SM CUBAO', NULL, NULL, NULL, 1, 2, 2, 0, '2020-11-15 21:28:53', '2020-11-15 21:28:53'),
(4, 'SM NORTH', 'SM NORTH EDSA', NULL, NULL, NULL, 1, 2, 2, 0, '2020-11-15 21:40:02', '2020-11-15 21:40:02'),
(5, 'SM MARIKINA', 'SM MARIKINA', NULL, NULL, NULL, 1, 2, 2, 0, '2020-11-15 21:40:16', '2020-11-15 21:40:16'),
(6, 'SM TAYTAY', 'SM TAYTAY', NULL, NULL, NULL, 1, 2, 2, 0, '2020-11-15 21:40:26', '2020-11-15 21:40:26'),
(7, 'SM FAIRVIEW', 'SM FAIRVIEW', NULL, NULL, NULL, 1, 2, 2, 0, '2020-11-15 21:43:20', '2020-11-15 21:43:20'),
(8, 'SM VALENZUELA', 'SM VALENZUELA', NULL, NULL, NULL, 1, 2, 2, 0, '2020-11-15 21:43:36', '2020-11-15 21:43:36'),
(9, 'ROBINSONS MANILA', 'ROBINSONS MANILA', NULL, NULL, NULL, 1, 2, 2, 0, '2020-11-15 21:44:09', '2020-11-15 21:44:09'),
(10, 'SM MANILA', 'SM MANILA', NULL, NULL, NULL, 1, 2, 2, 0, '2020-11-15 21:44:17', '2020-11-15 21:44:17'),
(11, 'SM BF', 'SM BF', NULL, NULL, NULL, 1, 2, 2, 0, '2020-11-15 21:44:39', '2020-11-15 21:44:39'),
(12, 'SM LAS PIÑAS', 'SM LAS PIÑAS CENTER', NULL, NULL, NULL, 1, 2, 2, 0, '2020-11-15 21:44:56', '2020-11-15 21:44:56'),
(13, 'SM BACOOR', 'SM BACOOR', NULL, NULL, NULL, 1, 2, 2, 0, '2020-11-15 21:45:10', '2020-11-15 21:45:10'),
(14, 'SM DASMA', 'SM DASMA', NULL, NULL, NULL, 1, 2, 2, 0, '2020-11-15 21:45:18', '2020-11-15 21:45:18'),
(15, 'SM CALAMBA', 'SM CALAMBA', NULL, NULL, NULL, 1, 2, 2, 0, '2020-11-15 21:45:30', '2020-11-15 21:45:30'),
(16, 'SM BATANGAS', 'SM CITY BATANGAS', NULL, NULL, NULL, 1, 2, 2, 0, '2020-11-15 21:45:53', '2020-11-15 21:45:53'),
(17, 'SM LUCENA', 'SM LUCENA', NULL, NULL, NULL, 1, 2, 2, 0, '2020-11-15 21:46:03', '2020-11-15 21:46:03'),
(18, 'SM NAGA', 'SM NAGA', NULL, NULL, NULL, 1, 2, 2, 0, '2020-11-15 21:46:09', '2020-11-15 21:46:09'),
(19, 'ROBINSONS NORTH TACLOBAN', 'ROBINSONS NORTH TACLOBAN', NULL, NULL, NULL, 1, 2, 2, 0, '2020-11-15 21:46:29', '2020-11-15 21:46:29'),
(20, 'SM CEBU', 'SM CEBU', NULL, NULL, NULL, 1, 2, 2, 0, '2020-11-15 21:48:41', '2020-11-15 21:48:41'),
(21, 'AYALA CEBU', 'AYALA CEBU', NULL, NULL, NULL, 1, 2, 2, 0, '2020-11-15 21:48:53', '2020-11-15 21:48:53'),
(22, 'ROBINSONS DUMAGUETE', 'ROBINSONS DUMAGUETE', NULL, NULL, NULL, 1, 2, 2, 0, '2020-11-15 21:49:04', '2020-11-15 21:49:04'),
(23, 'BOHOL', 'ISLAND CITY BOHOL', NULL, NULL, NULL, 1, 2, 2, 0, '2020-11-15 21:49:34', '2020-11-15 21:49:34'),
(24, 'ROBINSONS CDO', 'ROBINSONS CAGAYAN DE ORO', NULL, NULL, NULL, 1, 2, 2, 0, '2020-11-15 21:50:13', '2020-11-15 21:51:05'),
(25, 'SM CDO', 'SM CAGAYAN DE ORO', NULL, NULL, NULL, 1, 2, 2, 0, '2020-11-15 21:50:47', '2020-11-15 21:50:47'),
(26, 'AYALA CENTRIO', 'AYALA CENTRIO CAGAYAN DE ORO', NULL, NULL, NULL, 1, 2, 2, 0, '2020-11-15 21:58:07', '2020-11-15 21:58:07'),
(27, 'GAISANO DAVAO', 'GAISANO MALL DAVAO', NULL, NULL, NULL, 1, 2, 2, 0, '2020-11-15 21:59:26', '2020-11-15 21:59:26'),
(28, 'ABREEZA DAVAO', 'ABREEZA DAVAO', NULL, NULL, NULL, 1, 2, 2, 0, '2020-11-15 22:10:51', '2020-11-15 22:10:51'),
(29, 'PALAWAN', 'PALAWAN', NULL, NULL, NULL, 1, 2, 2, 0, '2020-11-15 22:11:19', '2020-11-15 22:11:19'),
(30, 'SM BAGUIO', 'SM BAGUIO', NULL, NULL, NULL, 1, 2, 2, 0, '2020-11-15 22:11:33', '2020-11-15 22:11:33'),
(31, 'SM BACOLOD', 'SM BACOLOD', NULL, NULL, NULL, 1, 4, 4, 0, '2020-11-17 16:15:55', '2020-11-17 16:15:55'),
(32, 'FESTIVAL', 'FESTIVAL', NULL, NULL, NULL, 1, 4, 4, 0, '2020-11-17 17:41:50', '2020-11-17 17:41:50'),
(33, 'ROBINSONS TACLOBAN', 'ROBINSONS TACLOBAN', NULL, NULL, NULL, 1, 4, 4, 0, '2020-11-17 18:16:08', '2020-11-17 18:16:08'),
(34, 'GAISANO TAGUM', 'GAISANO TAGUM', NULL, NULL, NULL, 1, 4, 4, 0, '2020-11-17 18:32:44', '2020-11-17 18:32:44'),
(35, 'ROBINSONS MALOLOS', 'ROBINSONS MALOLOS', NULL, NULL, NULL, 1, 4, 4, 0, '2020-11-17 20:37:55', '2020-11-17 20:37:55'),
(36, 'SM SOUTHMALL', 'SM SOUTHMALL', NULL, NULL, NULL, 1, 4, 4, 0, '2020-11-22 21:14:11', '2020-11-22 21:14:11'),
(37, 'MAKATI', 'MAKATI', NULL, NULL, NULL, 1, 4, 4, 0, '2020-11-22 21:51:20', '2020-11-22 21:51:20');

-- --------------------------------------------------------

--
-- Table structure for table `branch_users`
--

CREATE TABLE `branch_users` (
  `id` bigint(20) UNSIGNED NOT NULL,
  `user_id` bigint(20) UNSIGNED NOT NULL,
  `branch_id` bigint(20) UNSIGNED NOT NULL,
  `status` tinyint(4) NOT NULL COMMENT '1=Active; 2=Deactivated;',
  `created_by` bigint(20) UNSIGNED NOT NULL,
  `last_updated_by` bigint(20) UNSIGNED NOT NULL,
  `logdel` tinyint(4) NOT NULL DEFAULT 0,
  `created_at` timestamp NULL DEFAULT NULL,
  `updated_at` timestamp NULL DEFAULT NULL
) ENGINE=InnoDB DEFAULT CHARSET=utf8mb4 COLLATE=utf8mb4_unicode_ci;

--
-- Dumping data for table `branch_users`
--

INSERT INTO `branch_users` (`id`, `user_id`, `branch_id`, `status`, `created_by`, `last_updated_by`, `logdel`, `created_at`, `updated_at`) VALUES
(1, 1, 28, 2, 1, 1, 0, '2021-01-07 15:25:32', '2021-01-07 15:25:47'),
(2, 4, 28, 2, 2, 2, 0, '2021-01-07 20:54:50', '2021-01-07 20:56:19'),
(3, 4, 21, 1, 2, 2, 0, '2021-01-07 20:54:57', '2021-01-07 20:54:57'),
(4, 4, 26, 1, 2, 2, 0, '2021-01-07 20:55:04', '2021-01-07 20:55:04'),
(5, 5, 2, 1, 1, 1, 0, '2021-01-11 14:54:44', '2021-01-11 14:54:44'),
(6, 5, 1, 1, 1, 1, 0, '2021-01-11 14:55:53', '2021-01-11 14:55:53'),
(7, 5, 36, 2, 1, 2, 0, '2021-01-11 14:56:25', '2021-01-11 15:27:30'),
(8, 5, 28, 1, 2, 2, 0, '2021-01-11 15:03:32', '2021-01-11 15:03:32'),
(9, 5, 32, 1, 2, 2, 0, '2021-01-11 15:04:36', '2021-01-11 15:04:36'),
(10, 5, 24, 1, 2, 2, 0, '2021-01-11 15:26:51', '2021-01-11 15:26:51'),
(11, 5, 14, 1, 2, 2, 0, '2021-01-12 17:58:53', '2021-01-12 17:58:53');

-- --------------------------------------------------------

--
-- Table structure for table `brands`
--

CREATE TABLE `brands` (
  `id` bigint(20) UNSIGNED NOT NULL,
  `description` varchar(255) COLLATE utf8mb4_unicode_ci NOT NULL,
  `status` int(11) NOT NULL COMMENT '1=Active; 2=Archived',
  `created_by` bigint(20) UNSIGNED NOT NULL,
  `last_updated_by` bigint(20) UNSIGNED NOT NULL,
  `logdel` tinyint(4) NOT NULL DEFAULT 0,
  `created_at` timestamp NULL DEFAULT NULL,
  `updated_at` timestamp NULL DEFAULT NULL
) ENGINE=InnoDB DEFAULT CHARSET=utf8mb4 COLLATE=utf8mb4_unicode_ci;

--
-- Dumping data for table `brands`
--

INSERT INTO `brands` (`id`, `description`, `status`, `created_by`, `last_updated_by`, `logdel`, `created_at`, `updated_at`) VALUES
(1, 'APPLE', 1, 2, 2, 0, '2020-09-21 14:11:32', '2020-09-21 14:11:32'),
(2, 'ASUS', 1, 2, 2, 0, '2020-09-21 14:11:35', '2020-09-21 14:11:35'),
(3, 'ACER', 1, 2, 2, 0, '2020-09-21 14:11:38', '2020-09-21 14:11:38'),
(4, 'DELL', 1, 2, 2, 0, '2020-09-21 14:11:42', '2020-09-21 14:11:42'),
(5, 'COMPAQ', 1, 2, 2, 0, '2020-09-21 14:11:45', '2020-09-21 14:11:45'),
(6, 'HP', 1, 2, 2, 0, '2020-09-21 14:11:58', '2020-09-21 14:11:58'),
(7, 'MSI', 1, 2, 2, 0, '2020-09-21 14:12:10', '2020-09-21 14:12:10'),
(8, 'LENOVO', 1, 2, 2, 0, '2020-09-21 14:12:15', '2020-09-21 14:12:15'),
(9, 'ALIENWARE', 1, 2, 2, 0, '2020-09-21 14:12:27', '2020-09-21 14:12:27'),
(10, 'EMACHINE', 1, 2, 2, 0, '2020-09-21 14:36:25', '2020-09-21 14:36:25'),
(11, 'OPPO', 1, 2, 2, 0, '2020-09-21 14:36:32', '2020-09-21 14:36:32'),
(12, 'VIVO', 1, 2, 2, 0, '2020-09-21 14:36:35', '2020-09-21 14:36:35'),
(13, 'LG', 1, 2, 2, 0, '2020-09-21 14:36:38', '2020-09-21 14:36:38'),
(14, 'HUAWEI', 1, 2, 2, 0, '2020-09-21 14:36:42', '2020-09-21 14:36:42'),
(15, 'XIAOMI', 1, 2, 2, 0, '2020-09-21 14:37:01', '2020-09-21 14:37:01'),
(16, 'SAMSUNG', 1, 2, 2, 0, '2020-09-21 14:37:05', '2020-09-21 14:37:05'),
(17, 'AUO', 1, 2, 2, 0, '2020-09-21 14:39:16', '2020-09-21 14:39:16'),
(18, 'BOE', 1, 2, 2, 0, '2020-09-21 14:39:20', '2020-09-21 14:39:20'),
(19, 'SHARP', 1, 2, 2, 0, '2020-09-21 14:39:24', '2020-09-21 14:39:24'),
(20, 'CHIMEI', 1, 2, 4, 0, '2020-09-21 14:39:47', '2020-09-24 21:08:12'),
(21, 'HTC', 1, 2, 2, 0, '2020-09-21 15:17:54', '2020-09-21 15:17:54'),
(22, 'NOKIA', 1, 2, 2, 0, '2020-09-21 21:02:44', '2020-09-21 21:02:44'),
(23, 'CHUNGWA', 1, 2, 4, 0, '2020-09-21 21:03:00', '2020-09-24 21:08:52'),
(24, 'EPSON', 1, 2, 2, 0, '2020-09-22 21:02:32', '2020-09-22 21:02:32'),
(25, 'CANON', 1, 2, 2, 0, '2020-09-22 21:03:16', '2020-09-22 21:03:16'),
(26, 'GOLDEN', 1, 2, 2, 0, '2020-09-23 20:23:53', '2020-09-23 20:23:53'),
(27, 'PANASONIC', 1, 2, 2, 0, '2020-09-23 20:33:31', '2020-09-23 20:33:31'),
(28, 'N/A', 1, 4, 4, 0, '2020-09-26 15:06:25', '2020-09-26 15:06:25'),
(29, 'TOSHIBA', 1, 2, 2, 0, '2020-10-09 15:07:37', '2020-10-09 15:07:37');

-- --------------------------------------------------------

--
-- Table structure for table `btbs`
--

CREATE TABLE `btbs` (
  `id` bigint(20) UNSIGNED NOT NULL,
  `from_branch_id` bigint(20) UNSIGNED NOT NULL,
  `branch_id` bigint(20) UNSIGNED NOT NULL,
  `stock_id` bigint(20) UNSIGNED NOT NULL,
  `delivery_stock_id` bigint(20) UNSIGNED NOT NULL,
  `transaction_type_id` bigint(20) UNSIGNED NOT NULL,
  `reference_no` varchar(255) COLLATE utf8mb4_unicode_ci NOT NULL,
  `status` tinyint(4) NOT NULL DEFAULT 1 COMMENT '1=Active; 2=Archived',
  `logdel` tinyint(4) NOT NULL DEFAULT 0 COMMENT '0=Active; 1=Deleted',
  `created_by` bigint(20) UNSIGNED NOT NULL,
  `last_updated_by` bigint(20) UNSIGNED NOT NULL,
  `created_at` timestamp NULL DEFAULT NULL,
  `updated_at` timestamp NULL DEFAULT NULL
) ENGINE=InnoDB DEFAULT CHARSET=utf8mb4 COLLATE=utf8mb4_unicode_ci;

--
-- Dumping data for table `btbs`
--

INSERT INTO `btbs` (`id`, `from_branch_id`, `branch_id`, `stock_id`, `delivery_stock_id`, `transaction_type_id`, `reference_no`, `status`, `logdel`, `created_by`, `last_updated_by`, `created_at`, `updated_at`) VALUES
(2, 1, 1, 5, 5, 1, '124365', 1, 0, 5, 5, '2021-01-31 21:19:53', '2021-01-31 21:19:53'),
(3, 1, 1, 3, 3, 2, '090909', 1, 0, 5, 5, '2021-01-31 21:23:30', '2021-01-31 21:23:30'),
(4, 28, 1, 10, 11, 2, '55555', 1, 0, 5, 5, '2021-01-31 21:28:37', '2021-01-31 21:28:37');

-- --------------------------------------------------------

--
-- Table structure for table `capacities`
--

CREATE TABLE `capacities` (
  `id` bigint(20) UNSIGNED NOT NULL,
  `description` varchar(255) COLLATE utf8mb4_unicode_ci NOT NULL,
  `status` int(11) NOT NULL COMMENT '1=Active; 2=Archived',
  `created_by` bigint(20) UNSIGNED NOT NULL,
  `last_updated_by` bigint(20) UNSIGNED NOT NULL,
  `logdel` tinyint(4) NOT NULL DEFAULT 0,
  `created_at` timestamp NULL DEFAULT NULL,
  `updated_at` timestamp NULL DEFAULT NULL
) ENGINE=InnoDB DEFAULT CHARSET=utf8mb4 COLLATE=utf8mb4_unicode_ci;

--
-- Dumping data for table `capacities`
--

INSERT INTO `capacities` (`id`, `description`, `status`, `created_by`, `last_updated_by`, `logdel`, `created_at`, `updated_at`) VALUES
(1, '10.8V 5200MAH', 1, 2, 2, 0, '2020-09-21 22:03:50', '2020-09-21 22:03:50'),
(2, '10.8V 4400MAH', 1, 2, 2, 0, '2020-09-21 22:03:56', '2020-09-21 22:03:56'),
(3, '500GB', 1, 2, 2, 0, '2020-09-21 22:04:05', '2020-09-21 22:04:05'),
(4, '1TB', 1, 2, 2, 0, '2020-09-21 22:04:10', '2020-09-21 22:04:10'),
(5, '2TB', 1, 2, 2, 0, '2020-09-21 22:04:13', '2020-09-21 22:04:13'),
(6, '4GB', 1, 2, 2, 0, '2020-09-21 22:04:18', '2020-09-21 22:04:18'),
(7, '8GB', 1, 2, 2, 0, '2020-09-21 22:04:22', '2020-09-21 22:04:22'),
(8, '240GB', 1, 2, 2, 0, '2020-09-21 22:04:26', '2020-09-21 22:04:26'),
(9, '120GB', 1, 2, 2, 0, '2020-09-21 22:04:29', '2020-09-21 22:04:29'),
(10, '480GB', 1, 2, 2, 0, '2020-09-21 22:04:32', '2020-09-21 22:04:32'),
(11, '19.5V 9.23A', 1, 2, 2, 0, '2020-09-21 22:05:50', '2020-09-21 22:05:50'),
(12, '19V 2.15A', 1, 2, 2, 0, '2020-09-21 22:05:57', '2020-09-21 22:05:57'),
(13, '19V 2.37A', 1, 2, 2, 0, '2020-09-21 22:06:02', '2020-09-21 22:06:02'),
(14, '45W', 1, 2, 2, 0, '2020-09-21 22:06:28', '2020-09-21 22:06:28'),
(15, '60W', 1, 2, 2, 0, '2020-09-21 22:06:31', '2020-09-21 22:06:31'),
(16, '85W', 1, 2, 2, 0, '2020-09-21 22:06:34', '2020-09-21 22:06:34'),
(17, '19.5V 9.32A', 1, 2, 2, 0, '2020-09-21 22:06:54', '2020-09-21 22:06:54'),
(18, '19V 6.32A', 1, 2, 2, 0, '2020-09-21 22:07:00', '2020-09-21 22:07:00'),
(19, '19V 1.58V', 1, 2, 2, 0, '2020-09-21 22:07:13', '2020-09-21 22:07:13'),
(20, '19V 1.75A', 1, 2, 2, 0, '2020-09-21 22:07:20', '2020-09-21 22:07:20'),
(21, '19V 3.42', 1, 2, 2, 0, '2020-09-21 22:07:24', '2020-09-21 22:07:24'),
(22, '19.5V 6.7A', 1, 2, 2, 0, '2020-09-21 22:07:50', '2020-09-21 22:07:50'),
(23, '19.5V 2.31A', 1, 2, 2, 0, '2020-09-21 22:07:56', '2020-09-21 22:07:56'),
(24, '19.5V 6.67A', 1, 2, 2, 0, '2020-09-21 22:08:25', '2020-09-21 22:08:25'),
(25, '19.5V 3.34A', 1, 2, 2, 0, '2020-09-21 22:08:31', '2020-09-21 22:08:31'),
(26, '19.5V 4.62A', 1, 2, 2, 0, '2020-09-21 22:08:44', '2020-09-21 22:08:44'),
(27, '19V 1.58A', 1, 2, 2, 0, '2020-09-21 22:10:43', '2020-09-21 22:10:43'),
(28, '19V 2.1A', 1, 2, 2, 0, '2020-09-21 22:10:55', '2020-09-21 22:10:55'),
(29, '19V 4.74A', 1, 2, 2, 0, '2020-09-21 22:11:00', '2020-09-21 22:11:00'),
(30, '19V 6.15A', 1, 2, 2, 0, '2020-09-21 22:11:07', '2020-09-21 22:11:07'),
(31, '19V 9.5A', 1, 2, 2, 0, '2020-09-21 22:11:17', '2020-09-21 22:11:17'),
(32, '19V 3.42A', 1, 2, 2, 0, '2020-09-21 22:11:21', '2020-09-21 22:11:21'),
(33, '16GB', 1, 2, 2, 0, '2020-09-23 20:24:07', '2020-09-23 20:24:07'),
(34, '64GB', 1, 2, 2, 0, '2020-09-23 20:24:09', '2020-09-23 20:24:09'),
(35, '11.1V 5200MAH', 1, 2, 2, 0, '2020-09-23 20:35:56', '2020-09-23 20:35:56'),
(36, '14.8V 2600MAH', 1, 2, 2, 0, '2020-09-23 20:36:16', '2020-09-23 20:36:16'),
(37, '14.8V 2800MAH', 1, 2, 2, 0, '2020-09-23 20:36:28', '2020-09-23 20:36:28'),
(38, '14.6V 2600MAH', 1, 2, 2, 0, '2020-09-23 20:36:33', '2020-09-23 20:36:33'),
(39, '15V 3560MAH', 1, 2, 2, 0, '2020-09-23 20:36:47', '2020-09-23 20:36:47'),
(40, '11.4V 2640MAH', 1, 2, 2, 0, '2020-09-23 20:37:11', '2020-09-23 20:37:11'),
(41, '11.4V 30WH', 1, 2, 2, 0, '2020-09-23 20:37:16', '2020-09-23 20:37:16'),
(42, '11.4V 2600MAH', 1, 2, 2, 0, '2020-09-23 20:37:48', '2020-09-23 20:37:48'),
(43, '11.1V 4850MAH', 1, 2, 2, 0, '2020-09-23 20:37:54', '2020-09-23 20:37:54'),
(44, '11.1V 4400MAH', 1, 2, 2, 0, '2020-09-23 20:37:58', '2020-09-23 20:37:58'),
(45, '11.4V 4605MAH', 1, 2, 2, 0, '2020-09-23 20:38:05', '2020-09-23 20:38:05'),
(46, '11.4V 3220MAH', 1, 2, 2, 0, '2020-09-23 20:38:13', '2020-09-23 20:38:13'),
(47, '14.8V 1800MAH', 1, 2, 2, 0, '2020-09-23 20:38:19', '2020-09-23 20:38:19'),
(48, '14.8V 2500MAH', 1, 2, 2, 0, '2020-09-23 20:42:57', '2020-09-23 20:42:57'),
(49, '15V 53WH', 1, 2, 2, 0, '2020-09-23 20:43:45', '2020-09-23 20:43:45'),
(50, '15.2V 3090MAH', 1, 2, 2, 0, '2020-09-23 20:43:52', '2020-09-23 20:43:52'),
(51, '15.2V 2600MAH', 1, 2, 2, 0, '2020-09-23 20:43:59', '2020-09-23 20:43:59'),
(52, '15.2V 3220MAH', 1, 2, 2, 0, '2020-09-23 20:44:08', '2020-09-23 20:44:08'),
(53, '14.8V 2650MAH', 1, 2, 2, 0, '2020-09-23 20:44:30', '2020-09-23 20:44:30'),
(54, '10.8V 2200MAH', 1, 2, 2, 0, '2020-09-23 20:45:46', '2020-09-23 20:45:46'),
(55, '7.5V 6280MAH', 1, 2, 2, 0, '2020-09-23 20:46:42', '2020-09-23 20:46:42'),
(56, '11.1V 5000MAH', 1, 2, 2, 0, '2020-09-23 20:47:11', '2020-09-23 20:47:11'),
(57, '11.4V 52.5WH', 1, 2, 2, 0, '2020-09-23 20:48:14', '2020-09-23 20:48:14'),
(58, '11.1V 4700MAH', 1, 2, 2, 0, '2020-09-23 20:52:26', '2020-09-23 20:52:26'),
(59, '14.8V 92WH', 1, 2, 2, 0, '2020-09-23 20:55:07', '2020-09-23 20:55:07'),
(60, '11.1V 69WH', 1, 2, 2, 0, '2020-09-23 20:55:23', '2020-09-23 20:55:23'),
(61, '14.8V 63WH', 1, 2, 2, 0, '2020-09-23 20:55:29', '2020-09-23 20:55:29'),
(62, '11.1V 62AH', 1, 2, 2, 0, '2020-09-23 20:55:37', '2020-09-23 20:55:37'),
(63, '14.8V 6380MAH', 1, 2, 2, 0, '2020-09-23 20:55:43', '2020-09-23 20:55:43'),
(64, '14.8V 51WH', 1, 2, 2, 0, '2020-09-23 20:55:55', '2020-09-23 20:55:55'),
(65, '11.4V 99WH', 1, 2, 2, 0, '2020-09-23 20:56:01', '2020-09-23 20:56:01'),
(66, '7.3V 4680MAH', 1, 2, 2, 0, '2020-09-23 20:56:27', '2020-09-23 20:56:27'),
(67, '7.6V 7150MAH', 1, 2, 2, 0, '2020-09-23 20:59:30', '2020-09-23 20:59:30'),
(68, '10.8V 45WH', 1, 2, 2, 0, '2020-09-23 21:00:13', '2020-09-23 21:00:13'),
(69, '10.95V 63.5WH', 1, 2, 2, 0, '2020-09-23 21:00:18', '2020-09-23 21:00:18'),
(70, '11.40V 4781MAH', 1, 2, 2, 0, '2020-09-23 21:00:24', '2020-09-23 21:00:24'),
(71, '11.26V 8440MAH', 1, 2, 2, 0, '2020-09-23 21:00:33', '2020-09-23 21:00:33'),
(72, '10.8V 55WH', 1, 2, 2, 0, '2020-09-23 21:00:59', '2020-09-23 21:01:22'),
(73, '10.8V 59WH', 1, 2, 2, 0, '2020-09-23 21:01:32', '2020-09-23 21:01:32'),
(74, '7.3V 50WH', 1, 2, 2, 0, '2020-09-23 21:01:58', '2020-09-23 21:01:58'),
(75, '10.8V 60WH', 1, 2, 2, 0, '2020-09-23 21:02:14', '2020-09-23 21:02:14'),
(76, '11.21V 6600MAH', 1, 2, 2, 0, '2020-09-23 21:02:23', '2020-09-23 21:02:23'),
(77, '19.5V 95WH', 1, 2, 2, 0, '2020-09-23 21:02:32', '2020-09-23 21:02:32'),
(78, '3.75V 18.956WHR', 1, 2, 2, 0, '2020-09-23 21:02:38', '2020-09-23 21:02:38'),
(79, '11.42V 74.9WHR', 1, 2, 2, 0, '2020-09-23 21:02:52', '2020-09-23 21:02:52'),
(80, '11.42V 6559MAH', 1, 2, 2, 0, '2020-09-23 21:03:00', '2020-09-23 21:03:00'),
(81, '7.3V 35WH', 1, 2, 2, 0, '2020-09-23 21:03:27', '2020-09-23 21:03:27'),
(82, '11.34V 71.8WH', 1, 2, 2, 0, '2020-09-23 21:03:36', '2020-09-23 21:03:36'),
(83, '7.6V 5100MAH', 1, 2, 2, 0, '2020-09-23 21:03:59', '2020-09-23 21:03:59'),
(84, '7.6V 38.75WH', 1, 2, 2, 0, '2020-09-23 21:04:08', '2020-09-23 21:04:08'),
(85, '7.3V 6700MAH', 1, 2, 2, 0, '2020-09-23 21:05:06', '2020-09-23 21:05:06'),
(86, '7.3V 50WHR', 1, 2, 2, 0, '2020-09-23 21:05:14', '2020-09-23 21:05:14'),
(87, '7.6V 54.4WH', 1, 2, 2, 0, '2020-09-23 21:06:06', '2020-09-23 21:06:06'),
(88, '10.95V 77.5WH', 1, 2, 2, 0, '2020-09-23 21:06:12', '2020-09-23 21:06:12'),
(89, '11.40V 76..0WH', 1, 2, 2, 0, '2020-09-23 21:06:22', '2020-09-23 21:06:22'),
(90, '3.82V 12.71WH', 1, 2, 2, 0, '2020-09-23 21:07:26', '2020-09-23 21:07:26'),
(91, '11.34V 6330MAH', 1, 2, 2, 0, '2020-09-23 21:07:41', '2020-09-23 21:07:41'),
(92, '7.6V 54.4WHR', 1, 2, 2, 0, '2020-09-23 21:08:19', '2020-09-23 21:08:19'),
(93, '7.6V 6700MAH', 1, 2, 2, 0, '2020-09-23 21:08:25', '2020-09-23 21:08:25'),
(94, '15V 4000MAH', 1, 2, 2, 0, '2020-09-23 21:38:27', '2020-09-23 21:38:27'),
(95, '15V 5200MAH', 1, 2, 2, 0, '2020-09-23 21:38:35', '2020-09-23 21:38:35'),
(96, '15V 88WH', 1, 2, 2, 0, '2020-09-23 21:38:42', '2020-09-23 21:38:42'),
(97, '11.4V 3500MAH', 1, 2, 2, 0, '2020-09-24 18:55:26', '2020-09-24 18:55:26'),
(98, '11.4V 42WH', 1, 2, 2, 0, '2020-09-24 18:55:29', '2020-09-24 18:55:29'),
(99, '7.4V 30WH', 1, 2, 2, 0, '2020-09-24 18:56:05', '2020-09-24 18:56:05'),
(100, '11.1V 60WH', 1, 2, 2, 0, '2020-09-24 18:56:11', '2020-09-24 18:56:11'),
(101, '11.1V 44WH', 1, 2, 2, 0, '2020-09-24 18:57:06', '2020-09-24 18:57:06'),
(102, '11.1V 43WH', 1, 2, 2, 0, '2020-09-24 18:57:36', '2020-09-24 18:57:36'),
(103, '11.1V 7800MAH', 1, 2, 2, 0, '2020-09-24 18:57:50', '2020-09-24 18:57:50'),
(104, '11.1V 30WH', 1, 2, 2, 0, '2020-09-24 18:58:22', '2020-09-24 18:58:22'),
(105, '11.4V 84WH', 1, 2, 2, 0, '2020-09-24 19:01:57', '2020-09-24 19:01:57'),
(106, '11.4V 56WH', 1, 2, 2, 0, '2020-09-24 19:02:03', '2020-09-24 19:02:03'),
(107, '11.4V 97WH', 1, 2, 2, 0, '2020-09-24 19:02:06', '2020-09-24 19:02:06'),
(108, '7.6V 56WH', 1, 2, 2, 0, '2020-09-24 19:02:12', '2020-09-24 19:02:12'),
(109, '14.8V 40WH', 1, 2, 2, 0, '2020-09-24 19:02:18', '2020-09-24 19:02:18'),
(110, '7.4V 5.70AH', 1, 2, 2, 0, '2020-09-24 19:02:33', '2020-09-24 19:02:33'),
(111, '7.4V 4500MAH', 1, 2, 2, 0, '2020-09-24 19:02:38', '2020-09-24 19:02:38'),
(112, '15.2V 56WH', 1, 2, 2, 0, '2020-09-24 19:02:57', '2020-09-24 19:02:57'),
(113, '11.1V 4600MAH', 1, 2, 2, 0, '2020-09-24 19:04:14', '2020-09-24 19:04:14'),
(114, '7.6V 6170MAH', 1, 2, 2, 0, '2020-09-24 19:04:29', '2020-09-24 19:04:29'),
(115, '7.6V 8085MAH', 1, 2, 2, 0, '2020-09-24 19:04:41', '2020-09-24 19:04:41'),
(116, '7.4V 47WH', 1, 2, 2, 0, '2020-09-24 19:04:47', '2020-09-24 19:04:47'),
(117, '11.4V 38WH', 1, 2, 2, 0, '2020-09-24 19:04:54', '2020-09-24 19:04:54'),
(118, '11.4V 3166MAH', 1, 2, 2, 0, '2020-09-24 19:05:23', '2020-09-24 19:05:23'),
(119, '11.1V 3800MAH', 1, 2, 2, 0, '2020-09-24 19:05:35', '2020-09-24 19:05:35'),
(120, '14.8V 64WH', 1, 2, 2, 0, '2020-09-24 19:06:01', '2020-09-24 19:06:01'),
(121, '11.1V 61WH', 1, 2, 2, 0, '2020-09-24 19:06:20', '2020-09-24 19:06:20'),
(122, '3.7V 32WH', 1, 2, 2, 0, '2020-09-24 19:06:28', '2020-09-24 19:06:28'),
(123, '7.6V 32WH', 1, 2, 2, 0, '2020-09-24 19:06:56', '2020-09-24 19:06:56'),
(124, '10.8V 3950MAH', 1, 2, 2, 0, '2020-09-24 19:07:12', '2020-09-24 19:07:12'),
(125, '11.4V 4200MAH', 1, 2, 2, 0, '2020-09-24 19:07:35', '2020-09-24 19:07:35'),
(126, '7.6V 4013MAH', 1, 2, 2, 0, '2020-09-24 19:07:48', '2020-09-24 19:07:48'),
(127, '7.6V 6000MAH', 1, 2, 2, 0, '2020-09-24 19:09:10', '2020-09-24 19:09:10'),
(128, '14.8V 4000WH', 1, 2, 2, 0, '2020-09-24 19:11:19', '2020-09-24 19:11:19'),
(129, '14.8V 29WH', 1, 2, 2, 0, '2020-09-24 19:11:45', '2020-09-24 19:11:45'),
(130, '7.6V 55WH', 1, 2, 2, 0, '2020-09-24 19:12:10', '2020-09-24 19:12:10'),
(131, '11.4V 74WH', 1, 2, 2, 0, '2020-09-24 19:12:47', '2020-09-24 19:12:47'),
(132, '11.1V 3840MAH', 1, 2, 2, 0, '2020-09-24 19:14:27', '2020-09-24 19:14:27'),
(133, '10.8V 4500MAH', 1, 2, 2, 0, '2020-09-24 19:15:12', '2020-09-24 19:15:12'),
(134, '14.8V  5200MAH', 1, 2, 2, 0, '2020-09-24 19:15:33', '2020-09-24 19:15:33'),
(135, '11.1V 4300MAH', 1, 2, 2, 0, '2020-09-24 19:15:47', '2020-09-24 19:15:47'),
(136, '11.1V 50WH', 1, 2, 2, 0, '2020-09-24 19:16:08', '2020-09-24 19:16:08'),
(137, '11.4V 48WH', 1, 2, 2, 0, '2020-09-24 19:16:27', '2020-09-24 19:16:27'),
(138, '15.2V 3720MAH', 1, 2, 2, 0, '2020-09-24 19:16:39', '2020-09-24 19:16:39'),
(139, '15.4V 4035MAH', 1, 2, 2, 0, '2020-09-24 19:16:42', '2020-09-24 19:16:42'),
(140, '11.55V 61.6WH', 1, 2, 2, 0, '2020-09-24 19:16:45', '2020-09-24 19:16:45'),
(141, '11.1V 57WH', 1, 2, 2, 0, '2020-09-24 19:16:53', '2020-09-24 19:16:53'),
(142, '14.4V 5200MAH', 1, 2, 2, 0, '2020-09-24 19:16:59', '2020-09-24 19:16:59'),
(143, '7.2V 4840MAH', 1, 2, 2, 0, '2020-09-24 19:17:11', '2020-09-24 19:17:11'),
(144, '11.4V 45WH', 1, 2, 2, 0, '2020-09-24 19:17:20', '2020-09-24 19:17:20'),
(145, '15.4V 4112MAH', 1, 2, 2, 0, '2020-09-24 19:17:29', '2020-09-24 19:17:29'),
(146, '15.4V 63.3WH', 1, 2, 2, 0, '2020-09-24 19:17:34', '2020-09-24 19:17:34'),
(147, '11.55V 3470MAH', 1, 2, 2, 0, '2020-09-24 19:17:40', '2020-09-24 19:17:40'),
(148, '7.7V 32.5WH', 1, 2, 2, 0, '2020-09-24 19:18:25', '2020-09-24 19:18:25'),
(149, '14.8V 45WH', 1, 2, 2, 0, '2020-09-24 19:18:30', '2020-09-24 19:18:30'),
(150, '11.4V 43WH', 1, 2, 2, 0, '2020-09-24 19:18:35', '2020-09-24 19:18:35'),
(151, '11.55V 3610MAH', 1, 2, 2, 0, '2020-09-24 19:18:59', '2020-09-24 19:18:59'),
(152, '7.2V 29WH', 1, 2, 2, 0, '2020-09-24 19:21:19', '2020-09-24 19:21:19'),
(153, '7.2V 4040MAH', 1, 2, 2, 0, '2020-09-24 19:21:25', '2020-09-24 19:21:25'),
(154, '10.95V 2600MAH', 1, 2, 2, 0, '2020-09-24 19:21:49', '2020-09-24 19:21:49'),
(155, '11.4V 3800MAH', 1, 2, 2, 0, '2020-09-24 19:22:05', '2020-09-24 19:22:05'),
(156, '14.6V 2200MAH', 1, 2, 2, 0, '2020-09-24 19:22:20', '2020-09-24 19:22:20'),
(157, '45.4V 3470MAH', 1, 2, 2, 0, '2020-09-24 19:22:27', '2020-09-24 19:22:27'),
(158, '11.55V 3400MAH', 1, 2, 2, 0, '2020-09-24 19:22:52', '2020-09-24 19:22:52'),
(159, '11.4V 3200MAH', 1, 2, 2, 0, '2020-09-24 19:23:00', '2020-09-24 19:23:00'),
(160, '11.4V 37WH', 1, 2, 2, 0, '2020-09-24 19:23:08', '2020-09-24 19:23:08'),
(161, '7.7V 41WH', 1, 2, 2, 0, '2020-09-24 19:23:21', '2020-09-24 19:23:21'),
(162, '14.4V 2600MAH', 1, 2, 2, 0, '2020-09-24 19:23:26', '2020-09-24 19:23:26'),
(163, '11.4V 34WH', 1, 2, 2, 0, '2020-09-24 19:23:33', '2020-09-24 19:23:33'),
(164, '15.4V 3470MAH', 1, 2, 2, 0, '2020-09-24 19:23:41', '2020-09-24 19:23:41'),
(165, '7.6V 3800MAH', 1, 2, 2, 0, '2020-09-24 19:24:12', '2020-09-24 19:24:12'),
(166, '10.8V 2600MAH', 1, 2, 2, 0, '2020-09-24 19:24:48', '2020-09-24 19:24:48'),
(167, '11.4V 3250MAH', 1, 2, 2, 0, '2020-09-24 19:25:00', '2020-09-24 19:25:00'),
(168, '10.8V 3600MAH', 1, 2, 2, 0, '2020-09-24 19:25:43', '2020-09-24 19:25:43'),
(169, '18.5V 5200MAH', 1, 2, 2, 0, '2020-09-24 19:25:59', '2020-09-24 19:25:59'),
(170, 'CAPACITY 14.8V 3500MAH', 1, 2, 2, 0, '2020-09-24 19:26:25', '2020-09-24 19:26:25'),
(171, '7.7V 4500MAH', 1, 2, 2, 0, '2020-09-24 19:26:34', '2020-09-24 19:26:34'),
(172, '15.4V 3000MAH', 1, 2, 2, 0, '2020-09-24 19:26:41', '2020-09-24 19:26:41'),
(173, '10.8V 84WH', 1, 2, 2, 0, '2020-09-24 19:27:34', '2020-09-24 19:27:34'),
(174, '7.6V 4050MAH', 1, 2, 2, 0, '2020-09-24 19:27:44', '2020-09-24 19:27:44'),
(175, '11.55V 41.7WH', 1, 2, 2, 0, '2020-09-24 19:27:46', '2020-09-24 19:27:46'),
(176, '11.55V 41.9WH', 1, 2, 2, 0, '2020-09-24 19:28:06', '2020-09-24 19:28:06'),
(177, '11.55V 3615MAH', 1, 2, 2, 0, '2020-09-24 19:32:59', '2020-09-24 19:32:59'),
(178, '14.8V 3500MAH', 1, 2, 2, 0, '2020-09-24 19:41:19', '2020-09-24 19:41:19'),
(179, '11.1V 4500MAH', 1, 2, 2, 0, '2020-09-24 19:41:28', '2020-09-24 19:41:28'),
(180, '15.4V 46WH', 1, 2, 2, 0, '2020-09-24 20:07:12', '2020-09-24 20:07:12'),
(181, '7.7V 4950MAH', 1, 2, 2, 0, '2020-09-24 20:07:19', '2020-09-24 20:07:19'),
(182, '10.95V 28WH', 1, 2, 2, 0, '2020-09-24 20:07:46', '2020-09-24 20:07:46'),
(183, '14.8V 2973MAH', 1, 2, 2, 0, '2020-09-24 20:08:10', '2020-09-24 20:08:10'),
(184, '7.6V 3948MAH', 1, 2, 2, 0, '2020-09-24 20:09:32', '2020-09-24 20:09:32'),
(185, '7.6V 4645MAH', 1, 2, 2, 0, '2020-09-24 20:09:40', '2020-09-24 20:09:40'),
(186, '7.5V 400MAH', 1, 2, 2, 0, '2020-09-24 20:09:45', '2020-09-24 20:09:45'),
(187, '7.4V 4050MAH', 1, 2, 2, 0, '2020-09-24 20:10:01', '2020-09-24 20:10:01'),
(188, '12.6V 2150MAH', 1, 2, 2, 0, '2020-09-24 20:10:06', '2020-09-24 20:10:06'),
(189, '14.4V 2900MAH', 1, 2, 2, 0, '2020-09-24 21:13:50', '2020-09-24 21:13:50'),
(190, '11.1V 5300MAH', 1, 2, 2, 0, '2020-09-24 21:14:04', '2020-09-24 21:14:04'),
(191, '10.8V 48WH', 1, 2, 2, 0, '2020-09-24 21:14:07', '2020-09-24 21:14:07'),
(192, '11.1V 4050MAH', 1, 2, 2, 0, '2020-09-24 21:14:36', '2020-09-24 21:14:36'),
(193, '7.4V 3114MAH', 1, 2, 2, 0, '2020-09-24 21:14:43', '2020-09-24 21:14:43'),
(194, '7.4V 6100MAH', 1, 2, 2, 0, '2020-09-24 21:14:46', '2020-09-24 21:14:46'),
(195, '7.4V 6600MAH', 1, 2, 2, 0, '2020-09-24 21:14:53', '2020-09-24 21:14:53'),
(196, '14.4V 2200MAH', 1, 2, 2, 0, '2020-09-24 21:14:58', '2020-09-24 21:14:58'),
(197, '10.8V 7800MAH', 1, 2, 2, 0, '2020-09-24 21:15:04', '2020-09-24 21:15:04'),
(198, '16.8V 3710MAH', 1, 2, 2, 0, '2020-09-24 21:15:08', '2020-09-24 21:15:08'),
(199, '14.8V 54WH', 1, 2, 2, 0, '2020-09-24 21:15:15', '2020-09-24 21:15:15'),
(200, '7.5V 4140MAH', 1, 2, 2, 0, '2020-09-24 21:15:20', '2020-09-24 21:15:20'),
(201, '14.4V 1970MAH', 1, 2, 2, 0, '2020-09-24 21:15:24', '2020-09-24 21:15:24'),
(202, '7.5V 4256MAH', 1, 2, 2, 0, '2020-09-24 21:15:27', '2020-09-24 21:15:27'),
(203, '7.6V 4200MAH', 1, 2, 2, 0, '2020-09-24 21:15:30', '2020-09-24 21:15:30'),
(204, '11.4V 4.12AH', 1, 2, 2, 0, '2020-09-24 21:15:37', '2020-09-24 21:15:37'),
(205, '7.14V 41.6WH', 1, 2, 2, 0, '2020-09-24 21:15:48', '2020-09-24 21:15:48'),
(206, '7.4V 5600MAH', 1, 2, 2, 0, '2020-09-24 21:15:52', '2020-09-24 21:15:52'),
(207, '7.2V 3950MAH', 1, 2, 2, 0, '2020-09-24 21:15:59', '2020-09-24 21:15:59'),
(208, '7.6V 5270MAH', 1, 2, 2, 0, '2020-09-24 21:16:07', '2020-09-24 21:16:07'),
(209, '14.8V 3200MAH', 1, 2, 2, 0, '2020-09-24 21:16:12', '2020-09-24 21:16:12'),
(210, '15.2V 50WH', 1, 2, 2, 0, '2020-09-24 21:16:14', '2020-09-24 21:16:14'),
(211, '14.4V 2.05AH', 1, 2, 2, 0, '2020-09-24 21:16:19', '2020-09-24 21:16:19'),
(212, '14.4V 2050MAH', 1, 2, 2, 0, '2020-09-24 21:16:26', '2020-09-24 21:16:26'),
(213, '14.8V 47WH', 1, 2, 2, 0, '2020-09-24 21:17:21', '2020-09-24 21:17:21'),
(214, '14.4V 2.05AH.', 1, 2, 2, 0, '2020-09-24 21:17:27', '2020-09-24 21:17:27'),
(215, '7.57V 5940MAH', 1, 2, 2, 0, '2020-09-24 21:18:06', '2020-09-24 21:18:06'),
(216, '7.5V 5087MAH', 1, 2, 2, 0, '2020-09-24 21:18:14', '2020-09-24 21:18:14'),
(217, '7.5V 2387MAH', 1, 2, 2, 0, '2020-09-24 21:18:23', '2020-09-24 21:18:23'),
(218, '7.57V 5825MAH', 1, 2, 2, 0, '2020-09-24 21:18:31', '2020-09-24 21:18:31'),
(219, '7.6V 8060MAH', 1, 2, 2, 0, '2020-09-24 21:18:49', '2020-09-24 21:18:49'),
(220, '11.4V 5700MAH', 1, 2, 2, 0, '2020-09-24 21:18:54', '2020-09-24 21:18:54'),
(221, '11.1V 5400MAH', 1, 2, 2, 0, '2020-09-24 21:18:59', '2020-09-24 21:18:59'),
(222, '10.86V 4730MAH', 1, 2, 2, 0, '2020-09-24 21:19:10', '2020-09-24 21:19:10'),
(223, '11.4V 4640MAH', 1, 2, 2, 0, '2020-09-24 21:19:24', '2020-09-24 21:19:24'),
(224, '11.1V 24WH', 1, 2, 2, 0, '2020-09-24 21:20:17', '2020-09-24 21:20:17'),
(225, '11.1V 31WH', 1, 2, 2, 0, '2020-09-24 21:20:21', '2020-09-24 21:20:21'),
(226, '14.8V 2200MAH', 1, 2, 2, 0, '2020-09-24 21:20:26', '2020-09-24 21:20:26'),
(227, '7.4V 3550MAH', 1, 2, 2, 0, '2020-09-24 21:20:43', '2020-09-24 21:20:43'),
(228, '7.6V 49WH', 1, 2, 2, 0, '2020-09-24 21:21:49', '2020-09-24 21:21:49'),
(229, '15.1V 6050MAH', 1, 2, 2, 0, '2020-09-24 21:22:04', '2020-09-24 21:22:04'),
(230, '7.5V 4080MAH', 1, 2, 2, 0, '2020-09-24 21:22:09', '2020-09-24 21:22:09'),
(231, '7.4V 6000MAH', 1, 2, 2, 0, '2020-09-24 21:22:20', '2020-09-24 21:22:20'),
(232, '7.5V 4740MAH', 1, 2, 2, 0, '2020-09-24 21:22:52', '2020-09-24 21:22:52'),
(233, '7.4V 2500MAH', 1, 2, 2, 0, '2020-09-24 21:23:34', '2020-09-24 21:23:34'),
(234, '15V 3170MAH', 1, 2, 2, 0, '2020-09-24 21:23:56', '2020-09-24 21:23:56'),
(235, '11.1V 41WH', 1, 2, 2, 0, '2020-09-24 21:24:02', '2020-09-24 21:24:02'),
(236, '11.1V 4200MAH', 1, 2, 2, 0, '2020-09-24 21:24:11', '2020-09-24 21:24:11'),
(237, '14.8V 3060MAH', 1, 2, 2, 0, '2020-09-24 21:24:57', '2020-09-24 21:24:57'),
(238, '10.8V 10400MAH', 1, 2, 2, 0, '2020-09-24 21:25:02', '2020-09-24 21:25:02'),
(239, '14.4V 3000MAH', 1, 2, 2, 0, '2020-09-24 21:25:10', '2020-09-24 21:25:10'),
(240, '14.4V 43WH', 1, 2, 2, 0, '2020-09-24 21:25:28', '2020-09-24 21:25:28'),
(241, '14.8V 3000MAH', 1, 2, 2, 0, '2020-09-24 21:25:34', '2020-09-24 21:25:34'),
(242, '10.8V 2100MAH', 1, 2, 2, 0, '2020-09-24 21:25:57', '2020-09-24 21:25:57'),
(243, '10.8V 4160MAH', 1, 2, 2, 0, '2020-09-24 21:26:04', '2020-09-24 21:26:04'),
(244, '3.7V 1420MAH', 1, 2, 2, 0, '2020-09-24 21:26:46', '2020-09-24 21:26:46'),
(245, '3.7V 1430MAH', 1, 2, 2, 0, '2020-09-24 21:26:51', '2020-09-24 21:26:51'),
(246, '3.8V 1440MAH', 1, 2, 2, 0, '2020-09-24 21:26:55', '2020-09-24 21:26:55'),
(247, '3.82V 1560MAH', 1, 2, 2, 0, '2020-09-24 21:27:00', '2020-09-24 21:27:00'),
(248, '3.82V 2915MAH', 1, 2, 2, 0, '2020-09-24 21:27:04', '2020-09-24 21:27:04'),
(249, '3.82V 1810MAH', 1, 2, 2, 0, '2020-09-24 21:27:09', '2020-09-24 21:27:09'),
(250, '3.82V 1715MAH', 1, 2, 2, 0, '2020-09-24 21:27:13', '2020-09-24 21:27:13'),
(251, '3.82V 2750MAH', 1, 2, 2, 0, '2020-09-24 21:27:19', '2020-09-24 21:27:19'),
(252, '3.82V 2900MAH', 1, 2, 2, 0, '2020-09-24 21:27:23', '2020-09-24 21:27:23'),
(253, '3.80V 1960MAH', 1, 2, 2, 0, '2020-09-24 21:27:26', '2020-09-24 21:27:26'),
(254, '3.82V 2691MAH', 1, 2, 2, 0, '2020-09-24 21:27:31', '2020-09-24 21:27:31'),
(255, '3.80V 1821MAH', 1, 2, 2, 0, '2020-09-24 21:27:34', '2020-09-24 21:27:34'),
(256, '3.82V 1624MAH', 1, 2, 2, 0, '2020-09-24 21:27:39', '2020-09-24 21:27:39'),
(257, '3.80V 3174MAH', 1, 2, 2, 0, '2020-09-24 21:27:44', '2020-09-24 21:27:44'),
(258, '3.79V 2942MAH', 1, 2, 2, 0, '2020-09-24 21:27:48', '2020-09-24 21:27:48'),
(259, '3.81V 2658MAH', 1, 2, 2, 0, '2020-09-24 21:27:52', '2020-09-24 21:27:52'),
(260, '3.81V 2716MAH', 1, 2, 2, 0, '2020-09-24 21:27:56', '2020-09-24 21:27:56'),
(261, '3.83V 3110MAH', 1, 2, 2, 0, '2020-09-24 21:28:00', '2020-09-24 21:28:00'),
(262, '3.85V 3650MAH', 1, 2, 2, 0, '2020-09-24 21:28:03', '2020-09-24 21:28:03'),
(263, '3.85V 3000MAH', 1, 2, 2, 0, '2020-09-24 21:30:16', '2020-09-24 21:30:16'),
(264, '3.85V 3250MAH', 1, 2, 2, 0, '2020-09-24 21:30:24', '2020-09-24 21:30:24'),
(265, '3.85V 5000MAH', 1, 2, 2, 0, '2020-09-24 21:30:27', '2020-09-24 21:30:27'),
(266, '3.85V 4130MAH', 1, 2, 2, 0, '2020-09-24 21:30:31', '2020-09-24 21:30:31'),
(267, '3.8V 3330MAH', 1, 2, 2, 0, '2020-09-24 21:30:37', '2020-09-24 21:30:37'),
(268, '3.85V 3010MAH', 1, 2, 2, 0, '2020-09-24 21:30:39', '2020-09-24 21:30:39'),
(269, '3.85V 2070MAH', 1, 2, 2, 0, '2020-09-24 21:30:44', '2020-09-24 21:30:44'),
(270, '3.85V 3300MAH', 1, 2, 2, 0, '2020-09-24 21:30:47', '2020-09-24 21:30:47'),
(271, '3.85V 4020MAH', 1, 2, 2, 0, '2020-09-24 21:30:51', '2020-09-24 21:30:51'),
(272, '3.85V 4850MAH', 1, 2, 2, 0, '2020-09-24 21:30:55', '2020-09-24 21:30:55'),
(273, '3.82V 3000MAH', 1, 2, 2, 0, '2020-09-24 21:31:07', '2020-09-24 21:31:07'),
(274, '3.8V 2550MAH', 1, 2, 2, 0, '2020-09-24 21:31:10', '2020-09-24 21:31:10'),
(275, '3.82V 4000MAH', 1, 2, 2, 0, '2020-09-24 21:31:17', '2020-09-24 21:31:17'),
(276, '3.82V 3020MAH', 1, 2, 2, 0, '2020-09-24 21:31:20', '2020-09-24 21:31:20'),
(277, '3.82V 3750MAH', 1, 2, 2, 0, '2020-09-24 21:31:32', '2020-09-24 21:31:32'),
(278, '3.82V 3900MAH', 1, 2, 2, 0, '2020-09-24 21:31:37', '2020-09-24 21:31:37'),
(279, '3.82V 3400MAH', 1, 2, 2, 0, '2020-09-24 21:31:41', '2020-09-24 21:31:41'),
(280, '3.8V 4000MAH', 1, 2, 2, 0, '2020-09-24 21:31:44', '2020-09-24 21:31:44'),
(281, '3.82V 3340MAH', 1, 2, 2, 0, '2020-09-24 21:31:48', '2020-09-24 21:31:48'),
(282, '3.82V 3200MAH', 1, 2, 2, 0, '2020-09-24 21:32:01', '2020-09-24 21:32:01'),
(283, '3.7V 2000MAH', 1, 2, 2, 0, '2020-09-24 21:32:41', '2020-09-24 21:32:41'),
(284, '3.8V 3300MAH', 1, 2, 2, 0, '2020-09-24 21:32:44', '2020-09-24 21:32:44'),
(285, '3.8V 2300MAH', 1, 2, 2, 0, '2020-09-24 21:32:49', '2020-09-24 21:32:49'),
(286, '3.8V 4200MAH', 1, 2, 2, 0, '2020-09-24 21:32:53', '2020-09-24 21:32:53'),
(287, '3.85V 3060MAH', 1, 2, 2, 0, '2020-09-24 21:33:15', '2020-09-24 21:33:15'),
(288, '3.85V 2630MAH', 1, 2, 2, 0, '2020-09-24 21:33:24', '2020-09-24 21:33:24'),
(289, '3.85V 2900MAH', 1, 2, 2, 0, '2020-09-24 21:33:27', '2020-09-24 21:33:27'),
(290, '3.8V 2980MAH', 1, 2, 2, 0, '2020-09-24 21:33:32', '2020-09-24 21:33:32'),
(291, '3.85V 3600MAH', 1, 2, 2, 0, '2020-09-24 21:33:49', '2020-09-24 21:33:49'),
(292, '3.8V 2950MAH', 1, 2, 2, 0, '2020-09-24 21:34:36', '2020-09-24 21:34:36'),
(293, '3.85V 3100MAH', 1, 2, 2, 0, '2020-09-24 21:34:40', '2020-09-24 21:34:40'),
(294, '3.8V 2400MAH', 1, 2, 2, 0, '2020-09-24 21:34:49', '2020-09-24 21:34:49'),
(295, '3.85V 300MAH', 1, 2, 2, 0, '2020-09-24 21:34:52', '2020-09-24 21:34:52'),
(296, '3.85V 3220MAH', 1, 2, 2, 0, '2020-09-24 21:35:11', '2020-09-24 21:35:11'),
(297, '3.8V 3100MAH', 1, 2, 2, 0, '2020-09-24 21:35:22', '2020-09-24 21:35:22'),
(298, '3.8V 9500MAH', 1, 2, 2, 0, '2020-09-24 21:35:26', '2020-09-24 21:35:26'),
(299, '3.85V 2300MAH', 1, 2, 2, 0, '2020-09-24 21:35:31', '2020-09-24 21:35:31'),
(300, '3.8V 3200MAH', 1, 2, 2, 0, '2020-09-24 21:35:37', '2020-09-24 21:35:37'),
(301, '3.85V 2550MAH', 1, 2, 2, 0, '2020-09-24 21:35:42', '2020-09-24 21:35:42'),
(302, '3.85V 3900MAH', 1, 2, 2, 0, '2020-09-24 21:35:54', '2020-09-24 21:35:54'),
(303, '3.8V 2100MAH', 1, 2, 2, 0, '2020-09-24 21:36:03', '2020-09-24 21:36:03'),
(304, '3.85V 2800MAH', 1, 2, 2, 0, '2020-09-24 21:36:05', '2020-09-24 21:36:05'),
(305, '3.85V 2600MAH', 1, 2, 2, 0, '2020-09-24 21:36:16', '2020-09-24 21:36:16'),
(306, '3.85V 3500MAH', 1, 2, 2, 0, '2020-09-24 21:36:33', '2020-09-24 21:36:33'),
(307, '3.8V 2600MAH', 1, 2, 2, 0, '2020-09-24 21:36:50', '2020-09-24 21:36:50'),
(308, '3.8V 2700MAH', 1, 2, 2, 0, '2020-09-24 21:36:52', '2020-09-24 21:36:52'),
(309, '3.8V 3000MAH', 1, 2, 2, 0, '2020-09-24 21:36:59', '2020-09-24 21:36:59'),
(310, '3.8V 2930MAH', 1, 2, 2, 0, '2020-09-24 21:37:20', '2020-09-24 21:37:20'),
(311, '3.8V 3430MAH', 1, 2, 2, 0, '2020-09-24 21:37:26', '2020-09-24 21:37:26'),
(312, '3.8V 2500MAH', 1, 2, 2, 0, '2020-09-24 21:37:29', '2020-09-24 21:37:29'),
(313, '3.8V 2900MAH', 1, 2, 2, 0, '2020-09-24 21:37:36', '2020-09-24 21:37:36'),
(314, '3.85V 4030MAH', 1, 2, 2, 0, '2020-09-24 21:37:47', '2020-09-24 21:37:47'),
(315, '3.85V 3330MAH', 1, 2, 2, 0, '2020-09-24 21:37:52', '2020-09-24 21:37:52'),
(316, '3.85V 3260MAH', 1, 2, 2, 0, '2020-09-24 21:37:56', '2020-09-24 21:37:56'),
(317, '3.85V 3240MAH', 1, 2, 2, 0, '2020-09-24 21:37:59', '2020-09-24 21:37:59'),
(318, '3.85V 3285MAH', 1, 2, 2, 0, '2020-09-24 21:38:06', '2020-09-24 21:38:06'),
(319, '3.77V 8134MAH', 1, 2, 2, 0, '2020-09-24 21:39:36', '2020-09-24 21:39:36'),
(320, '3.77V 9663MAH', 1, 2, 2, 0, '2020-09-24 21:39:39', '2020-09-24 21:39:39'),
(321, '3.82V 7306MAH', 1, 2, 2, 0, '2020-09-24 21:39:44', '2020-09-24 21:39:44'),
(322, '3.75V 6600MAH', 1, 2, 2, 0, '2020-09-24 21:39:46', '2020-09-24 21:39:46'),
(323, '3.75V 64.71MAH', 1, 2, 2, 0, '2020-09-24 21:39:50', '2020-09-24 21:39:50'),
(324, '3.75V 11560MAH', 1, 2, 2, 0, '2020-09-24 21:39:53', '2020-09-24 21:39:53'),
(325, '3.76V 7340MAH', 1, 2, 2, 0, '2020-09-24 21:39:58', '2020-09-24 21:39:58'),
(326, '3.72V 1156MAH', 1, 2, 2, 0, '2020-09-24 21:40:01', '2020-09-24 21:40:01'),
(327, '3.73V 8827MAH', 1, 2, 2, 0, '2020-09-24 21:40:05', '2020-09-24 21:40:05'),
(328, '3.82V 5124MAH', 1, 2, 2, 0, '2020-09-24 21:40:09', '2020-09-24 21:40:09'),
(329, '3.8V 4800MAH', 1, 2, 2, 0, '2020-09-24 21:40:17', '2020-09-24 21:40:17'),
(330, '3.82V 4050MAH', 1, 2, 2, 0, '2020-09-24 21:40:26', '2020-09-24 21:40:26'),
(331, '3.8V 4290MAH', 1, 2, 2, 0, '2020-09-24 21:40:31', '2020-09-24 21:40:31'),
(332, '3.7V 7000MAH', 1, 2, 2, 0, '2020-09-24 21:40:40', '2020-09-24 21:40:40'),
(333, '3.7V 4000MAH', 1, 2, 2, 0, '2020-09-24 21:40:42', '2020-09-24 21:40:42'),
(334, '3.75V 4600MAH', 1, 2, 2, 0, '2020-09-24 21:40:54', '2020-09-24 21:40:54'),
(335, '3.8V 3600MAH', 1, 2, 2, 0, '2020-09-24 21:41:05', '2020-09-24 21:41:05'),
(336, '3.8V 6000MAH', 1, 2, 2, 0, '2020-09-24 21:41:14', '2020-09-24 21:41:14'),
(337, '3.7V 6000MAH', 1, 2, 2, 0, '2020-09-24 21:41:16', '2020-09-24 21:41:16'),
(338, 'N/A', 1, 4, 4, 0, '2020-09-26 15:08:18', '2020-09-26 15:08:18'),
(339, '3.0X1.0MM', 2, 4, 4, 0, '2020-11-07 19:07:45', '2020-11-07 19:09:11');

-- --------------------------------------------------------

--
-- Table structure for table `categories`
--

CREATE TABLE `categories` (
  `id` bigint(20) UNSIGNED NOT NULL,
  `description` varchar(255) COLLATE utf8mb4_unicode_ci NOT NULL,
  `status` int(11) NOT NULL COMMENT '1=Active; 2=Archived',
  `created_by` bigint(20) UNSIGNED NOT NULL,
  `last_updated_by` bigint(20) UNSIGNED NOT NULL,
  `logdel` tinyint(4) NOT NULL DEFAULT 0,
  `created_at` timestamp NULL DEFAULT NULL,
  `updated_at` timestamp NULL DEFAULT NULL
) ENGINE=InnoDB DEFAULT CHARSET=utf8mb4 COLLATE=utf8mb4_unicode_ci;

--
-- Dumping data for table `categories`
--

INSERT INTO `categories` (`id`, `description`, `status`, `created_by`, `last_updated_by`, `logdel`, `created_at`, `updated_at`) VALUES
(1, 'LCD', 1, 2, 2, 0, '2020-09-21 13:52:54', '2020-09-21 13:52:54'),
(2, 'DIGITIZER', 1, 2, 2, 0, '2020-09-21 13:53:00', '2020-09-21 13:53:00'),
(3, 'KEYBOARD', 1, 2, 2, 0, '2020-09-21 13:53:04', '2020-09-21 13:53:04'),
(4, 'BATTERY', 1, 2, 2, 0, '2020-09-21 13:53:11', '2020-09-21 13:53:11'),
(5, 'INVERTER', 1, 2, 2, 0, '2020-09-21 13:53:15', '2020-09-21 13:53:15'),
(6, 'FLEXCABLE', 2, 2, 4, 0, '2020-09-21 13:53:21', '2020-09-26 18:03:57'),
(7, 'ASSEMBLY', 1, 2, 2, 0, '2020-09-21 13:53:30', '2020-09-21 13:53:30'),
(8, 'WHOLE PANEL', 1, 2, 2, 0, '2020-09-21 13:53:34', '2020-09-21 13:53:34'),
(9, 'ADAPTER', 1, 2, 2, 0, '2020-09-21 13:53:54', '2020-09-21 13:53:54'),
(10, 'HDD', 1, 2, 2, 0, '2020-09-21 13:54:03', '2020-09-21 13:54:03'),
(11, 'ODD', 1, 2, 2, 0, '2020-09-21 13:54:05', '2020-09-21 13:54:05'),
(12, 'SSD', 1, 2, 2, 0, '2020-09-21 13:54:08', '2020-09-21 13:54:08'),
(13, 'AC JACK', 1, 2, 4, 0, '2020-09-21 13:59:33', '2020-09-24 21:07:38'),
(14, 'DVR', 1, 2, 2, 0, '2020-09-21 13:59:35', '2020-09-21 13:59:35'),
(15, 'BACK CAMERA', 1, 2, 2, 0, '2020-09-21 13:59:47', '2020-09-21 13:59:47'),
(16, 'CHARGING FLEX', 1, 2, 2, 0, '2020-09-21 14:00:08', '2020-09-21 14:00:08'),
(17, 'FRONT CAMERA', 1, 2, 2, 0, '2020-09-21 14:00:14', '2020-09-21 14:00:14'),
(18, 'POWERBANK', 1, 2, 2, 0, '2020-09-21 14:00:27', '2020-09-21 14:00:27'),
(19, 'TEMPERED GLASS', 1, 2, 2, 0, '2020-09-21 14:00:36', '2020-09-21 14:11:14'),
(20, 'CHARGING PIN', 1, 2, 2, 0, '2020-09-21 14:07:32', '2020-09-21 14:07:32'),
(21, 'HOME BUTTON', 1, 2, 2, 0, '2020-09-21 14:07:39', '2020-09-21 14:07:39'),
(22, 'EARPIECE', 1, 2, 2, 0, '2020-09-21 14:07:44', '2020-09-21 14:07:44'),
(23, 'R SIM', 1, 2, 2, 0, '2020-09-21 14:07:56', '2020-09-21 14:07:56'),
(24, 'MEMORY', 1, 2, 2, 0, '2020-09-21 14:08:11', '2020-09-21 14:08:11'),
(25, 'POWER SUPPLY', 1, 2, 2, 0, '2020-09-21 14:08:19', '2020-09-21 14:08:19'),
(26, 'POWER SUPPLY BOARD', 1, 2, 2, 0, '2020-09-21 14:08:30', '2020-09-21 14:08:30'),
(27, 'DC JACK', 1, 2, 2, 0, '2020-09-21 14:08:46', '2020-09-21 14:08:46'),
(28, 'ENCLOSURE-HDD', 1, 2, 2, 0, '2020-09-21 14:08:50', '2020-09-27 21:51:13'),
(29, 'FAN', 1, 2, 2, 0, '2020-09-21 14:08:52', '2020-09-21 14:08:52'),
(30, 'FLASH DRIVE', 1, 2, 2, 0, '2020-09-21 14:08:58', '2020-09-21 14:08:58'),
(31, 'POWER IC', 1, 2, 2, 0, '2020-09-21 14:09:07', '2020-09-21 14:09:07'),
(32, 'POWER SWITCH', 1, 2, 2, 0, '2020-09-21 14:09:17', '2020-09-21 14:09:17'),
(33, 'POWERCORD', 1, 2, 2, 0, '2020-09-21 14:09:21', '2020-09-21 14:09:21'),
(34, 'PROCESSOR', 1, 2, 2, 0, '2020-09-21 14:09:25', '2020-09-21 14:09:41'),
(35, 'SOFTWARE', 1, 2, 2, 0, '2020-09-21 14:09:49', '2020-09-21 14:09:49'),
(36, 'SPEAKER', 1, 2, 2, 0, '2020-09-21 14:09:53', '2020-09-21 14:09:53'),
(37, 'TOUCHPAD', 1, 2, 2, 0, '2020-09-21 14:09:59', '2020-09-21 14:09:59'),
(38, 'TRANSFORMER', 1, 2, 2, 0, '2020-09-21 14:10:09', '2020-09-21 14:10:09'),
(39, 'PICK UP ROLLER', 1, 2, 2, 0, '2020-09-21 14:10:27', '2020-09-21 14:10:27'),
(40, 'PRINTER HEAD', 1, 2, 2, 0, '2020-09-21 14:10:33', '2020-09-21 14:10:33'),
(41, 'COLOR WHEEL', 1, 2, 2, 0, '2020-09-21 14:10:45', '2020-09-21 14:10:45'),
(42, 'DMD CHIP', 1, 2, 2, 0, '2020-09-21 14:10:50', '2020-09-21 14:10:50'),
(43, 'BACKLIGHT', 1, 4, 4, 0, '2020-09-26 17:56:15', '2020-09-26 17:56:15'),
(44, 'CADDY', 1, 4, 4, 0, '2020-09-26 17:59:33', '2020-09-26 17:59:33'),
(45, 'CHARGING BOARD', 1, 4, 4, 0, '2020-09-26 18:00:49', '2020-09-26 18:00:49'),
(46, 'FLEX CABLE', 1, 4, 4, 0, '2020-09-26 18:03:39', '2020-09-26 18:03:39'),
(47, 'FRONT CASING', 1, 4, 4, 0, '2020-09-26 18:04:53', '2020-09-26 18:04:53'),
(48, 'BACK CASING', 1, 4, 4, 0, '2020-09-26 18:04:58', '2020-09-26 18:04:58'),
(49, 'HINGE', 1, 4, 4, 0, '2020-09-26 18:20:24', '2020-09-26 18:20:24'),
(50, 'OTG', 1, 4, 4, 0, '2020-09-26 18:28:52', '2020-09-26 18:28:52'),
(51, 'CAMERA GLASS LENSE', 1, 2, 2, 0, '2020-09-26 20:37:33', '2020-09-26 20:37:33'),
(52, 'CHARGER', 1, 2, 2, 0, '2020-09-26 20:40:48', '2020-09-26 20:40:48'),
(53, 'CHARGING IC', 1, 2, 2, 0, '2020-09-26 20:59:34', '2020-09-26 20:59:34'),
(54, 'DISPLAY IC', 1, 2, 2, 0, '2020-09-26 20:59:46', '2020-09-26 20:59:46'),
(55, 'HEADSET', 1, 2, 2, 0, '2020-09-26 21:00:12', '2020-09-26 21:00:12'),
(56, 'HOME LONG FLEX', 1, 2, 2, 0, '2020-09-26 21:00:28', '2020-09-26 21:00:28'),
(57, 'LCD FLEX', 1, 2, 2, 0, '2020-09-26 21:00:33', '2020-09-26 21:00:33'),
(58, 'LCD HOME METAL PLATE', 1, 2, 2, 0, '2020-09-26 21:01:04', '2020-09-26 21:01:04'),
(59, 'LOUD SPEAKER', 1, 2, 2, 0, '2020-09-26 21:01:16', '2020-09-26 21:01:16'),
(60, 'POWER FLEX', 1, 2, 2, 0, '2020-09-26 21:01:22', '2020-09-26 21:01:22'),
(61, 'SD CARD', 1, 2, 2, 0, '2020-09-26 21:01:43', '2020-09-26 21:01:43'),
(62, 'SIM CARD SLOT', 1, 2, 2, 0, '2020-09-26 21:01:49', '2020-09-26 21:01:49'),
(63, 'USB CABLE', 1, 2, 2, 0, '2020-09-26 21:03:08', '2020-09-26 21:03:08'),
(64, 'U SIM', 1, 2, 2, 0, '2020-09-26 21:03:18', '2020-09-26 21:03:18'),
(65, 'HEADSET-WIRELESS', 1, 2, 2, 0, '2020-09-26 21:03:37', '2020-09-26 21:03:37'),
(66, 'CDMA POWER FLEX', 2, 4, 2, 0, '2020-09-26 21:06:27', '2020-09-27 16:25:51'),
(67, 'CHARGER ONLY', 2, 4, 2, 0, '2020-09-26 21:07:24', '2020-09-27 16:26:49'),
(68, 'BOTTOM CASING', 1, 4, 4, 0, '2020-11-07 19:19:32', '2020-11-07 19:19:32');

-- --------------------------------------------------------

--
-- Table structure for table `colors`
--

CREATE TABLE `colors` (
  `id` bigint(20) UNSIGNED NOT NULL,
  `description` varchar(255) COLLATE utf8mb4_unicode_ci NOT NULL,
  `status` int(11) NOT NULL COMMENT '1=Active; 2=Archived',
  `created_by` bigint(20) UNSIGNED NOT NULL,
  `last_updated_by` bigint(20) UNSIGNED NOT NULL,
  `logdel` tinyint(4) NOT NULL DEFAULT 0,
  `created_at` timestamp NULL DEFAULT NULL,
  `updated_at` timestamp NULL DEFAULT NULL
) ENGINE=InnoDB DEFAULT CHARSET=utf8mb4 COLLATE=utf8mb4_unicode_ci;

--
-- Dumping data for table `colors`
--

INSERT INTO `colors` (`id`, `description`, `status`, `created_by`, `last_updated_by`, `logdel`, `created_at`, `updated_at`) VALUES
(1, 'PINK', 1, 2, 2, 0, '2020-09-21 21:56:53', '2020-09-21 21:56:53'),
(2, 'BLUE', 1, 2, 2, 0, '2020-09-21 21:56:57', '2020-09-21 21:56:57'),
(3, 'BLACK', 1, 2, 2, 0, '2020-09-21 21:57:01', '2020-09-21 21:57:01'),
(4, 'GRAY', 1, 2, 2, 0, '2020-09-21 21:57:16', '2020-09-21 21:57:16'),
(5, 'SILVER', 1, 2, 2, 0, '2020-09-21 21:57:20', '2020-09-21 21:57:20'),
(6, 'WHITE', 1, 2, 2, 0, '2020-09-21 21:57:23', '2020-09-21 21:57:23'),
(7, 'ROSEGOLD', 1, 2, 2, 0, '2020-09-21 21:57:33', '2020-09-21 21:57:33'),
(8, 'GOLD', 1, 2, 2, 0, '2020-09-21 21:57:36', '2020-09-21 21:57:36'),
(9, 'COLORED', 1, 2, 2, 0, '2020-09-22 21:03:26', '2020-09-22 21:03:26'),
(10, 'G1000', 2, 2, 2, 0, '2020-09-22 21:15:56', '2020-09-22 21:21:14'),
(11, 'N/A', 1, 4, 4, 0, '2020-09-26 15:08:29', '2020-09-26 15:08:29');

-- --------------------------------------------------------

--
-- Table structure for table `connectors`
--

CREATE TABLE `connectors` (
  `id` bigint(20) UNSIGNED NOT NULL,
  `description` varchar(255) COLLATE utf8mb4_unicode_ci NOT NULL,
  `status` int(11) NOT NULL COMMENT '1=Active; 2=Archived',
  `created_by` bigint(20) UNSIGNED NOT NULL,
  `last_updated_by` bigint(20) UNSIGNED NOT NULL,
  `logdel` tinyint(4) NOT NULL DEFAULT 0,
  `created_at` timestamp NULL DEFAULT NULL,
  `updated_at` timestamp NULL DEFAULT NULL
) ENGINE=InnoDB DEFAULT CHARSET=utf8mb4 COLLATE=utf8mb4_unicode_ci;

--
-- Dumping data for table `connectors`
--

INSERT INTO `connectors` (`id`, `description`, `status`, `created_by`, `last_updated_by`, `logdel`, `created_at`, `updated_at`) VALUES
(1, 'LEFT', 1, 2, 2, 0, '2020-09-21 22:00:49', '2020-09-21 22:00:49'),
(2, 'RIGHT', 1, 2, 2, 0, '2020-09-21 22:00:55', '2020-09-21 22:00:55'),
(3, 'N/A', 1, 4, 4, 0, '2020-09-26 15:08:49', '2020-09-26 15:08:49'),
(4, 'SATA', 1, 4, 4, 0, '2020-11-07 18:53:37', '2020-11-07 18:53:37');

-- --------------------------------------------------------

--
-- Table structure for table `deliveries`
--

CREATE TABLE `deliveries` (
  `id` bigint(20) UNSIGNED NOT NULL,
  `branch_id` bigint(20) UNSIGNED NOT NULL,
  `delivery_date` date NOT NULL,
  `cso_dr_no` varchar(255) COLLATE utf8mb4_unicode_ci NOT NULL,
  `delivery_type` int(11) NOT NULL DEFAULT 1,
  `status` tinyint(4) NOT NULL DEFAULT 1 COMMENT '1=Active; 2=Archived',
  `logdel` tinyint(4) NOT NULL DEFAULT 0 COMMENT '0=Active; 1=Deleted',
  `created_by` bigint(20) UNSIGNED NOT NULL,
  `last_updated_by` bigint(20) UNSIGNED NOT NULL,
  `created_at` timestamp NULL DEFAULT NULL,
  `updated_at` timestamp NULL DEFAULT NULL
) ENGINE=InnoDB DEFAULT CHARSET=utf8mb4 COLLATE=utf8mb4_unicode_ci;

--
-- Dumping data for table `deliveries`
--

INSERT INTO `deliveries` (`id`, `branch_id`, `delivery_date`, `cso_dr_no`, `delivery_type`, `status`, `logdel`, `created_by`, `last_updated_by`, `created_at`, `updated_at`) VALUES
(1, 1, '2021-02-01', '1', 1, 3, 0, 1, 1, '2021-01-31 19:04:42', '2021-01-31 19:18:33'),
(2, 1, '2021-02-01', '2', 1, 3, 0, 1, 1, '2021-01-31 19:10:53', '2021-01-31 19:18:38'),
(3, 1, '2021-02-01', '3', 1, 1, 0, 1, 1, '2021-01-31 19:13:59', '2021-01-31 19:31:11'),
(4, 1, '2021-02-01', '4', 2, 1, 0, 1, 1, '2021-01-31 19:38:14', '2021-01-31 19:38:14'),
(5, 28, '2021-02-01', '1', 1, 3, 0, 1, 1, '2021-01-31 20:17:23', '2021-01-31 20:17:34');

-- --------------------------------------------------------

--
-- Table structure for table `delivery_stocks`
--

CREATE TABLE `delivery_stocks` (
  `id` bigint(20) UNSIGNED NOT NULL,
  `delivery_id` bigint(20) UNSIGNED NOT NULL,
  `stock_id` bigint(20) UNSIGNED NOT NULL,
  `branch_id` bigint(20) UNSIGNED NOT NULL,
  `btb_branch_id` bigint(20) NOT NULL,
  `delivery_stock_type` tinyint(4) NOT NULL DEFAULT 1,
  `receive_remarks` text COLLATE utf8mb4_unicode_ci DEFAULT NULL,
  `received_at` datetime DEFAULT NULL,
  `decline_remarks` text COLLATE utf8mb4_unicode_ci DEFAULT NULL,
  `declined_at` datetime DEFAULT NULL,
  `reverse_remarks` text COLLATE utf8mb4_unicode_ci DEFAULT NULL,
  `reversed_at` datetime DEFAULT NULL,
  `refund_remarks` text COLLATE utf8mb4_unicode_ci DEFAULT NULL,
  `refunded_at` datetime DEFAULT NULL,
  `status` tinyint(4) NOT NULL DEFAULT 1 COMMENT '1=Active; 2=Archived',
  `remarks` text COLLATE utf8mb4_unicode_ci DEFAULT NULL,
  `logdel` tinyint(4) NOT NULL DEFAULT 0 COMMENT '0=Active; 1=Deleted',
  `created_by` bigint(20) UNSIGNED NOT NULL,
  `last_updated_by` bigint(20) UNSIGNED NOT NULL,
  `created_at` timestamp NULL DEFAULT NULL,
  `updated_at` timestamp NULL DEFAULT NULL
) ENGINE=InnoDB DEFAULT CHARSET=utf8mb4 COLLATE=utf8mb4_unicode_ci;

--
-- Dumping data for table `delivery_stocks`
--

INSERT INTO `delivery_stocks` (`id`, `delivery_id`, `stock_id`, `branch_id`, `btb_branch_id`, `delivery_stock_type`, `receive_remarks`, `received_at`, `decline_remarks`, `declined_at`, `reverse_remarks`, `reversed_at`, `refund_remarks`, `refunded_at`, `status`, `remarks`, `logdel`, `created_by`, `last_updated_by`, `created_at`, `updated_at`) VALUES
(1, 1, 1, 1, 1, 1, 'Good', '2021-02-01 03:47:47', NULL, NULL, NULL, NULL, NULL, NULL, 6, NULL, 0, 1, 5, '2021-01-31 19:15:38', '2021-01-31 20:24:07'),
(2, 1, 2, 1, 1, 1, 'Good', '2021-02-01 03:47:47', NULL, NULL, NULL, NULL, NULL, NULL, 3, NULL, 0, 1, 5, '2021-01-31 19:17:19', '2021-01-31 19:47:47'),
(3, 1, 3, 1, 1, 1, 'Good', '2021-02-01 03:47:47', NULL, NULL, NULL, NULL, NULL, NULL, 12, NULL, 0, 1, 5, '2021-01-31 19:17:34', '2021-01-31 21:23:30'),
(4, 2, 4, 1, 1, 1, NULL, NULL, 'NG', '2021-02-01 03:48:01', NULL, NULL, NULL, NULL, 4, NULL, 0, 1, 5, '2021-01-31 19:18:11', '2021-01-31 19:48:01'),
(5, 2, 5, 1, 1, 1, 'Ok', '2021-02-01 03:48:06', NULL, NULL, NULL, NULL, NULL, NULL, 12, NULL, 0, 1, 5, '2021-01-31 19:18:13', '2021-01-31 21:19:53'),
(6, 3, 6, 1, 1, 1, NULL, NULL, NULL, NULL, NULL, NULL, NULL, NULL, 1, NULL, 0, 1, 1, '2021-01-31 19:18:19', '2021-01-31 19:18:19'),
(7, 3, 7, 1, 1, 1, NULL, NULL, NULL, NULL, NULL, NULL, NULL, NULL, 1, NULL, 0, 1, 1, '2021-01-31 19:18:21', '2021-01-31 19:18:21'),
(8, 3, 8, 1, 1, 1, NULL, NULL, NULL, NULL, NULL, NULL, NULL, NULL, 1, NULL, 0, 1, 1, '2021-01-31 19:18:27', '2021-01-31 19:18:27'),
(9, 3, 9, 1, 1, 1, NULL, NULL, NULL, NULL, NULL, NULL, NULL, NULL, 1, NULL, 0, 1, 1, '2021-01-31 19:35:21', '2021-01-31 19:35:21'),
(10, 4, 22, 1, 1, 2, NULL, NULL, NULL, NULL, NULL, NULL, NULL, NULL, 1, NULL, 0, 1, 1, '2021-01-31 20:07:59', '2021-01-31 20:07:59'),
(11, 5, 10, 28, 28, 1, 'Ok', '2021-02-01 04:19:56', NULL, NULL, NULL, NULL, NULL, NULL, 12, NULL, 0, 1, 5, '2021-01-31 20:17:26', '2021-01-31 21:28:37'),
(12, 5, 11, 28, 28, 1, 'Ok', '2021-02-01 04:19:56', NULL, NULL, NULL, NULL, NULL, NULL, 3, NULL, 0, 1, 5, '2021-01-31 20:17:28', '2021-01-31 20:19:56'),
(13, 5, 12, 28, 28, 1, 'Ok', '2021-02-01 04:19:56', NULL, NULL, NULL, NULL, NULL, NULL, 3, NULL, 0, 1, 5, '2021-01-31 20:17:30', '2021-01-31 20:19:56');

-- --------------------------------------------------------

--
-- Table structure for table `devices`
--

CREATE TABLE `devices` (
  `id` bigint(20) UNSIGNED NOT NULL,
  `description` varchar(255) COLLATE utf8mb4_unicode_ci NOT NULL,
  `status` int(11) NOT NULL COMMENT '1=Active; 2=Archived',
  `created_by` bigint(20) UNSIGNED NOT NULL,
  `last_updated_by` bigint(20) UNSIGNED NOT NULL,
  `logdel` tinyint(4) NOT NULL DEFAULT 0,
  `created_at` timestamp NULL DEFAULT NULL,
  `updated_at` timestamp NULL DEFAULT NULL
) ENGINE=InnoDB DEFAULT CHARSET=utf8mb4 COLLATE=utf8mb4_unicode_ci;

--
-- Dumping data for table `devices`
--

INSERT INTO `devices` (`id`, `description`, `status`, `created_by`, `last_updated_by`, `logdel`, `created_at`, `updated_at`) VALUES
(1, 'DESKTOP', 1, 2, 2, 0, '2020-09-19 04:25:23', '2020-09-19 04:25:23'),
(2, 'LAPTOP', 1, 2, 2, 0, '2020-09-19 04:25:28', '2020-09-19 04:25:28'),
(3, 'TABLET', 1, 2, 2, 0, '2020-09-21 13:52:18', '2020-09-21 13:52:18'),
(4, 'CELLPHONE', 1, 2, 2, 0, '2020-09-21 13:52:22', '2020-09-21 13:52:22'),
(5, 'PRINTER', 1, 2, 2, 0, '2020-09-21 13:52:26', '2020-09-21 13:52:26'),
(6, 'OTHERS', 1, 2, 2, 0, '2020-09-21 13:52:32', '2020-09-21 13:52:32'),
(7, 'CCTV', 1, 2, 2, 0, '2020-09-21 13:57:47', '2020-09-21 13:57:47'),
(8, 'AC JACK', 2, 2, 2, 0, '2020-09-21 13:57:59', '2020-09-21 13:59:03'),
(9, 'CAMERA', 2, 2, 2, 0, '2020-09-21 13:58:08', '2020-09-21 13:59:11'),
(10, 'DVR', 2, 2, 2, 0, '2020-09-21 13:58:25', '2020-09-21 13:59:19'),
(11, 'LED LIGHT', 2, 2, 2, 0, '2020-09-21 13:58:31', '2020-09-21 13:59:15'),
(12, 'SAMSUNG', 1, 2, 2, 0, '2020-09-27 16:53:26', '2020-09-27 16:53:26');

-- --------------------------------------------------------

--
-- Table structure for table `item_disableds`
--

CREATE TABLE `item_disableds` (
  `id` bigint(20) UNSIGNED NOT NULL,
  `device_id` bigint(20) UNSIGNED NOT NULL,
  `category_id` bigint(20) UNSIGNED NOT NULL,
  `items` varchar(255) COLLATE utf8mb4_unicode_ci NOT NULL,
  `status` int(11) NOT NULL COMMENT '1=Active; 2=Archived',
  `created_by` bigint(20) UNSIGNED NOT NULL,
  `last_updated_by` bigint(20) UNSIGNED NOT NULL,
  `logdel` tinyint(4) NOT NULL DEFAULT 0,
  `created_at` timestamp NULL DEFAULT NULL,
  `updated_at` timestamp NULL DEFAULT NULL
) ENGINE=InnoDB DEFAULT CHARSET=utf8mb4 COLLATE=utf8mb4_unicode_ci;

--
-- Dumping data for table `item_disableds`
--

INSERT INTO `item_disableds` (`id`, `device_id`, `category_id`, `items`, `status`, `created_by`, `last_updated_by`, `logdel`, `created_at`, `updated_at`) VALUES
(1, 1, 4, '1111000000', 2, 1, 2, 0, '2020-09-24 11:04:53', '2020-09-24 18:53:43'),
(2, 2, 3, '1100011000', 1, 2, 2, 0, '2020-09-24 14:08:11', '2020-09-24 14:08:11'),
(3, 2, 1, '1010101111', 1, 2, 2, 0, '2020-09-24 14:14:22', '2020-09-24 14:14:22'),
(4, 7, 13, '1000000000', 1, 2, 2, 0, '2020-09-24 14:20:52', '2020-09-24 14:20:52'),
(5, 4, 7, '1110010000', 1, 2, 2, 0, '2020-09-26 16:44:17', '2020-09-26 16:44:17'),
(6, 2, 43, '1100000000', 1, 4, 4, 0, '2020-09-26 17:56:42', '2020-09-26 17:56:42'),
(7, 2, 4, '1101011000', 1, 4, 4, 0, '2020-09-26 17:57:24', '2020-09-26 17:57:24'),
(8, 2, 44, '1100001000', 1, 4, 4, 0, '2020-09-26 17:59:56', '2020-09-26 17:59:56'),
(9, 2, 45, '1100001000', 1, 4, 4, 0, '2020-09-26 18:01:13', '2020-09-26 18:01:13'),
(10, 2, 27, '1100001000', 1, 4, 2, 0, '2020-09-26 18:01:41', '2020-09-27 21:45:43'),
(11, 2, 2, '1100110000', 1, 4, 2, 0, '2020-09-26 18:02:20', '2020-09-27 21:46:00'),
(12, 2, 28, '1000000010', 1, 4, 4, 0, '2020-09-26 18:02:56', '2020-09-26 20:11:06'),
(13, 2, 29, '1100001000', 1, 4, 4, 0, '2020-09-26 18:03:16', '2020-09-26 18:03:16'),
(14, 2, 46, '1100000000', 1, 4, 4, 0, '2020-09-26 18:04:29', '2020-09-26 18:04:29'),
(15, 2, 47, '1100010000', 1, 4, 4, 0, '2020-09-26 18:05:26', '2020-09-26 18:05:26'),
(16, 2, 48, '1100010000', 1, 4, 4, 0, '2020-09-26 18:05:42', '2020-09-26 18:05:42'),
(17, 2, 10, '1001100010', 1, 4, 2, 0, '2020-09-26 18:07:05', '2020-09-27 22:11:50'),
(18, 2, 49, '1100001000', 1, 4, 4, 0, '2020-09-26 18:26:08', '2020-09-26 18:26:08'),
(19, 2, 5, '1100000000', 1, 4, 4, 0, '2020-09-26 18:27:05', '2020-09-26 18:27:05'),
(20, 2, 24, '1001001000', 1, 4, 4, 0, '2020-09-26 18:27:46', '2020-09-26 18:27:46'),
(21, 2, 50, '1001001000', 1, 4, 4, 0, '2020-09-26 18:32:47', '2020-09-26 18:32:47'),
(22, 2, 31, '1100001000', 1, 4, 2, 0, '2020-09-26 18:33:27', '2020-09-27 22:15:53'),
(23, 2, 32, '1100001000', 1, 4, 2, 0, '2020-09-26 18:34:17', '2020-09-27 22:16:10'),
(24, 2, 33, '1000001000', 1, 4, 2, 0, '2020-09-26 18:34:43', '2020-09-27 22:13:58'),
(25, 2, 35, '1100000000', 1, 4, 4, 0, '2020-09-26 18:35:27', '2020-09-26 18:35:27'),
(26, 2, 36, '1100001000', 1, 4, 4, 0, '2020-09-26 18:35:54', '2020-09-26 18:35:54'),
(27, 2, 37, '1100010000', 1, 4, 4, 0, '2020-09-26 18:36:24', '2020-09-26 18:36:24'),
(28, 4, 15, '1110000000', 1, 2, 2, 0, '2020-09-26 20:07:04', '2020-09-26 20:07:04'),
(29, 4, 48, '1110011000', 1, 2, 2, 0, '2020-09-26 20:16:49', '2020-11-06 17:45:57'),
(30, 4, 4, '1111000000', 1, 2, 2, 0, '2020-09-26 20:17:20', '2020-09-26 20:17:20'),
(31, 4, 51, '1110001000', 1, 2, 2, 0, '2020-09-26 20:39:36', '2020-09-26 20:39:36'),
(32, 4, 52, '1001010000', 1, 2, 2, 0, '2020-09-26 20:41:19', '2020-09-26 20:41:19'),
(33, 4, 16, '1110011000', 1, 2, 2, 0, '2020-09-26 20:58:46', '2020-09-26 20:58:46'),
(34, 4, 53, '1110000000', 1, 2, 2, 0, '2020-09-26 21:04:29', '2020-09-26 21:04:29'),
(35, 3, 7, '1110110000', 1, 4, 2, 0, '2020-09-26 21:05:37', '2020-09-27 16:24:47'),
(36, 4, 20, '1110000000', 1, 2, 2, 0, '2020-09-26 21:05:47', '2020-09-26 21:05:47'),
(37, 3, 4, '1111100000', 1, 4, 4, 0, '2020-09-26 21:06:04', '2020-09-26 21:06:04'),
(38, 4, 2, '1110010000', 1, 2, 2, 0, '2020-09-26 21:06:41', '2020-09-26 21:06:41'),
(39, 3, 66, '1100000000', 2, 4, 2, 0, '2020-09-26 21:06:50', '2020-09-27 16:26:22'),
(40, 4, 54, '1110000000', 1, 2, 2, 0, '2020-09-26 21:07:41', '2020-09-26 21:07:41'),
(41, 4, 22, '1110000000', 1, 2, 2, 0, '2020-09-26 21:08:15', '2020-09-26 21:08:15'),
(42, 3, 52, '1111100000', 1, 4, 2, 0, '2020-09-26 21:08:49', '2020-09-27 21:25:46'),
(43, 4, 17, '1110000000', 1, 2, 2, 0, '2020-09-26 21:09:03', '2020-09-26 21:09:03'),
(44, 3, 16, '1110111000', 1, 4, 2, 0, '2020-09-26 21:09:25', '2020-09-27 21:25:24'),
(45, 4, 55, '1000010000', 1, 2, 2, 0, '2020-09-26 21:09:45', '2020-09-26 21:09:45'),
(46, 3, 20, '1110100100', 1, 4, 2, 0, '2020-09-26 21:10:03', '2020-09-27 21:29:27'),
(47, 4, 21, '1110001000', 1, 2, 2, 0, '2020-09-26 21:10:21', '2020-09-26 21:10:21'),
(48, 3, 2, '1110110000', 1, 4, 4, 0, '2020-09-26 21:10:34', '2020-09-26 21:10:48'),
(49, 4, 56, '1110000000', 1, 2, 2, 0, '2020-09-26 21:11:15', '2020-09-26 21:11:15'),
(50, 4, 1, '1110000000', 1, 2, 2, 0, '2020-09-26 21:11:31', '2020-09-26 21:11:31'),
(51, 3, 21, '1110111000', 1, 4, 2, 0, '2020-09-26 21:11:59', '2020-09-27 21:30:02'),
(52, 4, 57, '1110000000', 1, 2, 2, 0, '2020-09-26 21:12:15', '2020-09-26 21:12:15'),
(53, 3, 1, '1110100000', 1, 4, 2, 0, '2020-09-26 21:12:25', '2020-09-27 21:30:25'),
(54, 4, 58, '1110000000', 1, 2, 2, 0, '2020-09-26 21:12:39', '2020-09-26 21:12:39'),
(55, 4, 59, '1110000000', 1, 2, 2, 0, '2020-09-26 21:13:01', '2020-09-26 21:13:30'),
(56, 3, 36, '1110100000', 1, 4, 2, 0, '2020-09-26 21:13:29', '2020-09-27 21:30:40'),
(57, 3, 19, '1100111000', 1, 4, 2, 0, '2020-09-26 21:14:50', '2020-09-27 21:40:16'),
(58, 4, 60, '1110000000', 1, 2, 2, 0, '2020-09-26 21:16:01', '2020-09-26 21:16:01'),
(59, 4, 32, '1110000000', 1, 2, 2, 0, '2020-09-26 21:18:23', '2020-09-26 21:18:23'),
(60, 4, 18, '1001000000', 1, 2, 2, 0, '2020-09-26 21:19:20', '2020-09-26 21:19:20'),
(61, 4, 23, '1000001000', 1, 2, 2, 0, '2020-09-26 21:21:17', '2020-09-26 21:21:17'),
(62, 4, 61, '1001000000', 1, 2, 2, 0, '2020-09-26 21:22:07', '2020-09-26 21:22:07'),
(63, 4, 62, '1110001000', 1, 2, 2, 0, '2020-09-26 21:22:54', '2020-09-26 21:22:54'),
(64, 4, 36, '1110000000', 1, 2, 2, 0, '2020-09-26 21:24:09', '2020-09-26 21:24:09'),
(65, 4, 65, '1100010000', 1, 2, 2, 0, '2020-09-27 15:49:02', '2020-09-27 15:49:02'),
(66, 4, 64, '1000001000', 1, 2, 2, 0, '2020-09-27 15:54:03', '2020-09-27 15:54:03'),
(67, 4, 63, '1000001000', 1, 2, 2, 0, '2020-09-27 16:21:54', '2020-09-27 16:21:54'),
(68, 4, 19, '1110001000', 1, 2, 2, 0, '2020-09-27 16:22:31', '2020-09-27 16:22:31'),
(69, 7, 14, '1000001000', 1, 2, 2, 0, '2020-11-06 21:14:38', '2020-11-06 21:14:38'),
(70, 2, 9, '1001101000', 1, 4, 4, 0, '2020-11-07 19:07:26', '2020-11-07 19:07:26'),
(71, 2, 68, '1100010000', 1, 4, 4, 0, '2020-11-07 19:20:02', '2020-11-07 19:20:02');

-- --------------------------------------------------------

--
-- Table structure for table `item_registrations`
--

CREATE TABLE `item_registrations` (
  `id` bigint(20) UNSIGNED NOT NULL,
  `batch_no` varchar(255) COLLATE utf8mb4_unicode_ci NOT NULL,
  `quantity` int(11) NOT NULL,
  `start` varchar(255) COLLATE utf8mb4_unicode_ci NOT NULL,
  `end` varchar(255) COLLATE utf8mb4_unicode_ci NOT NULL,
  `reference_type_id` bigint(20) UNSIGNED NOT NULL,
  `reference_no` varchar(255) COLLATE utf8mb4_unicode_ci NOT NULL,
  `item_description` varchar(255) COLLATE utf8mb4_unicode_ci NOT NULL,
  `item_code` varchar(255) COLLATE utf8mb4_unicode_ci NOT NULL,
  `date_delivered` date NOT NULL,
  `quality` tinyint(4) DEFAULT NULL,
  `supplier_id` bigint(20) UNSIGNED DEFAULT NULL,
  `device_id` bigint(20) UNSIGNED DEFAULT NULL,
  `category_id` bigint(20) UNSIGNED DEFAULT NULL,
  `brand_id` bigint(20) UNSIGNED DEFAULT NULL,
  `model_id` bigint(20) UNSIGNED DEFAULT NULL,
  `sub_model_id` bigint(20) UNSIGNED DEFAULT NULL,
  `capacity_id` bigint(20) UNSIGNED DEFAULT NULL,
  `size_id` bigint(20) UNSIGNED DEFAULT NULL,
  `color_id` bigint(20) UNSIGNED DEFAULT NULL,
  `type_id` bigint(20) UNSIGNED DEFAULT NULL,
  `pin_id` bigint(20) UNSIGNED DEFAULT NULL,
  `connector_id` bigint(20) UNSIGNED DEFAULT NULL,
  `resolution_id` bigint(20) UNSIGNED DEFAULT NULL,
  `status` int(11) NOT NULL COMMENT '1=Active; 2=Archived',
  `created_by` bigint(20) UNSIGNED NOT NULL,
  `last_updated_by` bigint(20) UNSIGNED NOT NULL,
  `logdel` tinyint(4) NOT NULL DEFAULT 0,
  `created_at` timestamp NULL DEFAULT NULL,
  `updated_at` timestamp NULL DEFAULT NULL,
  `pbb_id` bigint(20) UNSIGNED DEFAULT NULL,
  `stock_type` tinyint(4) NOT NULL DEFAULT 1 COMMENT '1=CSO; 2=PBB\r\n',
  `branch_id` bigint(20) UNSIGNED DEFAULT NULL,
  `type_of_pbb` tinyint(4) DEFAULT NULL COMMENT '1=For Client, 2=SST Properties'
) ENGINE=InnoDB DEFAULT CHARSET=utf8mb4 COLLATE=utf8mb4_unicode_ci;

--
-- Dumping data for table `item_registrations`
--

INSERT INTO `item_registrations` (`id`, `batch_no`, `quantity`, `start`, `end`, `reference_type_id`, `reference_no`, `item_description`, `item_code`, `date_delivered`, `quality`, `supplier_id`, `device_id`, `category_id`, `brand_id`, `model_id`, `sub_model_id`, `capacity_id`, `size_id`, `color_id`, `type_id`, `pin_id`, `connector_id`, `resolution_id`, `status`, `created_by`, `last_updated_by`, `logdel`, `created_at`, `updated_at`, `pbb_id`, `stock_type`, `branch_id`, `type_of_pbb`) VALUES
(1, '1', 3, '1', '3', 1, '12435', 'CELLPHONE+|ASSEMBLY+|APPLE+|IPHONE 4S+|N/A-|||WHITE+|||||', '4+|7+|1+|80+|204-|||6+|||||', '2021-01-31', 0, 1, 4, 7, 1, 80, 204, NULL, NULL, 6, NULL, NULL, NULL, NULL, 1, 1, 1, 0, '2021-01-31 00:36:54', '2021-01-31 00:36:54', NULL, 1, NULL, NULL),
(2, '2', 2, '4', '5', 1, '12435', 'CELLPHONE+|ASSEMBLY+|APPLE+|IPHONE 4S+|N/A-|||WHITE+|||||', '4+|7+|1+|80+|204-|||6+|||||', '2021-01-31', 0, 1, 4, 7, 1, 80, 204, NULL, NULL, 6, NULL, NULL, NULL, NULL, 1, 1, 1, 0, '2021-01-31 00:37:26', '2021-01-31 00:37:26', NULL, 1, NULL, NULL),
(3, '3', 5, '6', '10', 1, '12435', 'CELLPHONE+|ASSEMBLY+|APPLE+|IPHONE 4S+|N/A-|||WHITE+|||||', '4+|7+|1+|80+|204-|||6+|||||', '2021-01-31', 0, 1, 4, 7, 1, 80, 204, NULL, NULL, 6, NULL, NULL, NULL, NULL, 1, 1, 1, 0, '2021-01-31 00:37:44', '2021-01-31 00:37:44', NULL, 1, NULL, NULL),
(4, '4', 5, '11', '15', 1, '12435', 'CELLPHONE+|ASSEMBLY+|APPLE+|IPHONE 4S+|N/A-|||WHITE+|||||', '4+|7+|1+|80+|204-|||6+|||||', '2021-01-31', 0, 1, 4, 7, 1, 80, 204, NULL, NULL, 6, NULL, NULL, NULL, NULL, 1, 1, 1, 0, '2021-01-31 00:42:32', '2021-01-31 00:42:32', NULL, 1, NULL, NULL),
(10, '1', 2, '1', '2', 1, '123123123', 'asdasdsd', 'asdasdsd', '2021-02-01', NULL, 1, NULL, NULL, NULL, NULL, NULL, NULL, NULL, NULL, NULL, NULL, NULL, NULL, 1, 1, 1, 0, '2021-01-31 20:05:30', '2021-01-31 20:05:30', 1, 2, 1, 1);

-- --------------------------------------------------------

--
-- Table structure for table `migrations`
--

CREATE TABLE `migrations` (
  `id` int(10) UNSIGNED NOT NULL,
  `migration` varchar(255) COLLATE utf8mb4_unicode_ci NOT NULL,
  `batch` int(11) NOT NULL
) ENGINE=InnoDB DEFAULT CHARSET=utf8mb4 COLLATE=utf8mb4_unicode_ci;

--
-- Dumping data for table `migrations`
--

INSERT INTO `migrations` (`id`, `migration`, `batch`) VALUES
(1, '2014_10_12_000000_create_users_table', 1),
(2, '2020_05_02_020338_create_branches_table', 2),
(3, '2020_05_02_020358_create_suppliers_table', 2),
(4, '2020_05_02_020359_create_branch_users_table', 2),
(5, '2020_05_02_020412_create_devices_table', 2),
(6, '2020_05_02_020430_create_categories_table', 2),
(7, '2020_05_02_020451_create_brands_table', 2),
(8, '2020_05_02_020513_create_models_table', 2),
(9, '2020_05_02_020636_create_sub_models_table', 2),
(10, '2020_05_02_020658_create_capacities_table', 2),
(11, '2020_05_02_020720_create_sizes_table', 2),
(12, '2020_05_02_020732_create_colors_table', 2),
(13, '2020_05_02_020750_create_types_table', 2),
(14, '2020_05_02_020815_create_pins_table', 2),
(15, '2020_05_02_020835_create_connectors_table', 2),
(16, '2020_05_02_020851_create_resolutions_table', 2),
(17, '2020_05_02_020855_create_reference_types_table', 2),
(18, '2020_05_10_095146_create_item_disableds_table', 2),
(19, '2020_05_17_093953_create_item_registrations_table', 2),
(20, '2020_05_17_095905_create_stocks_table', 2),
(23, '2020_10_02_035432_create_deliveries_table', 3),
(24, '2020_10_02_035433_create_delivery_stocks_table', 3),
(25, '2021_01_15_023652_create_returns_table', 4),
(26, '2021_01_15_023706_create_return_stocks_table', 4),
(28, '2021_01_16_011020_create_refund_stocks_table', 5),
(30, '2021_01_25_105900_create_pbbs_table', 6),
(33, '2021_01_27_233407_add_columns_to_item_registrations_table', 7),
(34, '2021_01_27_233615_add_columns_to_stocks_table', 8),
(35, '2021_01_28_023250_create_btbs_table', 9);

-- --------------------------------------------------------

--
-- Table structure for table `models`
--

CREATE TABLE `models` (
  `id` bigint(20) UNSIGNED NOT NULL,
  `description` varchar(255) COLLATE utf8mb4_unicode_ci NOT NULL,
  `status` int(11) NOT NULL COMMENT '1=Active; 2=Archived',
  `created_by` bigint(20) UNSIGNED NOT NULL,
  `last_updated_by` bigint(20) UNSIGNED NOT NULL,
  `logdel` tinyint(4) NOT NULL DEFAULT 0,
  `created_at` timestamp NULL DEFAULT NULL,
  `updated_at` timestamp NULL DEFAULT NULL
) ENGINE=InnoDB DEFAULT CHARSET=utf8mb4 COLLATE=utf8mb4_unicode_ci;

--
-- Dumping data for table `models`
--

INSERT INTO `models` (`id`, `description`, `status`, `created_by`, `last_updated_by`, `logdel`, `created_at`, `updated_at`) VALUES
(1, 'ASPIRE 4710Z', 1, 2, 2, 0, '2020-09-21 14:41:09', '2020-09-21 14:41:09'),
(2, 'ASPIRE 4732Z', 1, 2, 2, 0, '2020-09-21 14:41:15', '2020-09-21 14:41:15'),
(3, 'ASPIRE 5532', 1, 2, 2, 0, '2020-09-21 14:41:20', '2020-09-21 14:41:20'),
(4, 'ASPIRE V5-123', 1, 2, 2, 0, '2020-09-21 14:41:31', '2020-09-21 14:41:31'),
(5, 'ASPIRE F5', 1, 2, 2, 0, '2020-09-21 14:41:36', '2020-09-21 14:41:36'),
(6, 'ASPIRE ONE 756', 1, 2, 2, 0, '2020-09-21 14:41:45', '2020-09-21 14:41:45'),
(7, 'ASPIRE R7-571', 1, 2, 2, 0, '2020-09-21 14:41:52', '2020-09-21 14:41:52'),
(8, 'ASPIRE V5-121', 1, 2, 2, 0, '2020-09-21 14:41:58', '2020-09-21 14:41:58'),
(9, 'ASPIRE V5-572G', 1, 2, 2, 0, '2020-09-21 14:42:03', '2020-09-21 14:42:03'),
(10, 'ASPIRE V5-122P', 1, 2, 2, 0, '2020-09-21 14:42:16', '2020-09-21 14:42:16'),
(11, 'TRAVELMATE P246', 1, 2, 2, 0, '2020-09-21 14:42:23', '2020-09-21 14:42:23'),
(12, 'TRAVELMATE P633', 1, 2, 2, 0, '2020-09-21 14:42:31', '2020-09-21 14:42:31'),
(13, 'ASPIRE 3620', 1, 2, 2, 0, '2020-09-21 14:42:37', '2020-09-21 14:42:37'),
(14, 'ASPIRE 4745', 1, 2, 2, 0, '2020-09-21 14:42:46', '2020-09-21 14:42:46'),
(15, 'ASPIRE 5520', 1, 2, 2, 0, '2020-09-21 14:42:50', '2020-09-21 14:42:50'),
(16, 'ASPIRE ONE 522', 1, 2, 2, 0, '2020-09-21 14:42:56', '2020-09-21 14:42:56'),
(17, 'ASPIRE E5-411', 1, 2, 2, 0, '2020-09-21 14:43:01', '2020-09-21 14:43:01'),
(18, 'ASPIRE E5-576', 1, 2, 2, 0, '2020-09-21 14:43:10', '2020-09-21 14:43:10'),
(19, 'ASPIRE 4740', 1, 2, 2, 0, '2020-09-21 14:43:14', '2020-09-21 14:43:14'),
(20, 'ASPIRE ES1-431', 1, 2, 2, 0, '2020-09-21 14:43:20', '2020-09-21 14:43:20'),
(21, 'ASPIRE ES1-432', 1, 2, 2, 0, '2020-09-21 14:43:26', '2020-09-21 14:43:26'),
(22, 'ASPIRE ES13-332', 1, 2, 2, 0, '2020-09-21 14:44:04', '2020-09-21 14:44:04'),
(23, 'ASPIRE M5-481', 1, 2, 2, 0, '2020-09-21 14:44:12', '2020-09-21 14:44:12'),
(24, 'ASPIRE TIMELINE X 4830T', 1, 2, 2, 0, '2020-09-21 14:44:23', '2020-09-21 14:44:23'),
(25, 'ASPIRE V3-575', 1, 2, 2, 0, '2020-09-21 14:44:28', '2020-09-21 14:44:28'),
(26, 'ASPIRE VX5-591G', 1, 2, 2, 0, '2020-09-21 14:45:06', '2020-09-21 14:45:06'),
(27, 'TRAVELMATE B116', 1, 2, 2, 0, '2020-09-21 14:45:13', '2020-09-21 14:45:13'),
(28, 'ASPIRE V5-573', 1, 2, 2, 0, '2020-09-21 14:45:18', '2020-09-21 14:45:18'),
(29, 'ASPIRE F5-573', 1, 2, 2, 0, '2020-09-21 14:45:32', '2020-09-21 14:45:32'),
(30, 'ASPIRE E5-474G', 1, 2, 2, 0, '2020-09-21 14:45:39', '2020-09-21 14:45:39'),
(31, 'ASPIRE ONE D260', 1, 2, 2, 0, '2020-09-21 14:45:44', '2020-09-21 14:45:44'),
(32, 'ASPIRE E14', 1, 2, 2, 0, '2020-09-21 14:45:49', '2020-09-21 14:45:49'),
(33, 'ASPIRE E15', 1, 2, 2, 0, '2020-09-21 14:45:53', '2020-09-21 14:45:53'),
(34, 'ASPIRE E5-571', 1, 2, 2, 0, '2020-09-21 14:46:02', '2020-09-21 14:46:02'),
(35, 'ASPIRE E5-473', 1, 2, 2, 0, '2020-09-21 14:46:11', '2020-09-21 14:46:11'),
(36, 'ASPIRE E5-521', 1, 2, 2, 0, '2020-09-21 14:46:16', '2020-09-21 14:46:16'),
(37, 'TIMELINE ULTRA M5-481', 1, 2, 2, 0, '2020-09-21 14:46:23', '2020-09-21 14:46:23'),
(38, 'ASPIRE V5-472', 1, 2, 2, 0, '2020-09-21 14:46:37', '2020-09-21 14:46:37'),
(39, 'ASPIRE R3-131T', 1, 2, 2, 0, '2020-09-21 14:46:44', '2020-09-21 14:46:44'),
(40, 'ASPIRE TIMELINE 1810TZ', 1, 2, 2, 0, '2020-09-21 14:46:54', '2020-09-21 14:46:54'),
(41, 'ASPIRE M5-581T', 1, 2, 2, 0, '2020-09-21 14:47:08', '2020-09-21 14:47:08'),
(42, 'ASPIRE V3-573', 1, 2, 2, 0, '2020-09-21 14:47:14', '2020-09-21 14:47:14'),
(43, 'TRAVELMATE X483', 1, 2, 2, 0, '2020-09-21 14:47:21', '2020-09-21 14:47:21'),
(44, 'ASPIRE V3-122P', 1, 2, 2, 0, '2020-09-21 14:47:26', '2020-09-21 14:47:26'),
(45, 'ASPIRE ONE D270', 1, 2, 2, 0, '2020-09-21 14:47:41', '2020-09-21 14:47:41'),
(46, 'ASPIRE E5-475', 1, 2, 2, 0, '2020-09-21 14:47:47', '2020-09-21 14:47:47'),
(47, 'ASPIRE 4830TG', 1, 2, 2, 0, '2020-09-21 14:47:56', '2020-09-21 14:47:56'),
(48, 'ASPIRE V3-574', 1, 2, 2, 0, '2020-09-21 14:48:04', '2020-09-21 14:48:04'),
(49, 'ASPIRE 4738', 1, 2, 2, 0, '2020-09-21 14:48:11', '2020-09-21 14:48:11'),
(50, 'ASPIRE V3-371', 1, 2, 2, 0, '2020-09-21 14:48:16', '2020-09-21 14:48:16'),
(51, 'ASPIRE F5-572G', 1, 2, 2, 0, '2020-09-21 14:48:25', '2020-09-21 14:48:25'),
(52, 'ASPIRE ONE 725', 1, 2, 2, 0, '2020-09-21 14:48:30', '2020-09-21 14:48:30'),
(53, 'ASPIRE FERRARI ONE 200', 1, 2, 2, 0, '2020-09-21 14:48:43', '2020-09-21 14:48:43'),
(54, 'ASPIRE E5-422', 1, 2, 2, 0, '2020-09-21 14:48:49', '2020-09-21 14:48:49'),
(55, 'ASPIRE R3-471T', 1, 2, 2, 0, '2020-09-21 14:48:54', '2020-09-21 14:48:54'),
(56, 'ASPIRE ONE 14', 1, 2, 2, 0, '2020-09-21 14:49:07', '2020-09-21 14:49:07'),
(57, 'ASPIRE V5-551', 1, 2, 2, 0, '2020-09-21 14:49:12', '2020-09-21 14:49:12'),
(58, 'ASPIRE VN7-571G', 1, 2, 2, 0, '2020-09-21 14:49:19', '2020-09-21 14:49:19'),
(59, 'ASPIRE S7-392', 1, 2, 2, 0, '2020-09-21 14:49:25', '2020-09-21 14:49:25'),
(60, 'TRAVELMATE B113-M', 1, 2, 2, 0, '2020-09-21 14:49:33', '2020-09-21 14:49:33'),
(61, 'ASPIRE E1-475', 1, 2, 2, 0, '2020-09-21 14:49:42', '2020-09-21 14:49:42'),
(62, 'ASPIRE E5-573', 1, 2, 2, 0, '2020-09-21 14:49:47', '2020-09-21 14:49:47'),
(63, 'ASPIRE E1-431', 1, 2, 2, 0, '2020-09-21 14:49:52', '2020-09-21 14:49:52'),
(64, 'ASPIRE V5-473', 1, 2, 2, 0, '2020-09-21 14:50:01', '2020-09-21 14:50:01'),
(65, 'ASPIRE E5-471', 1, 2, 2, 0, '2020-09-21 14:50:09', '2020-09-21 14:50:09'),
(66, 'ASPIRE E5-575', 1, 2, 2, 0, '2020-09-21 14:50:14', '2020-09-21 14:50:14'),
(67, 'ASPIRE E5-131', 1, 2, 2, 0, '2020-09-21 14:50:18', '2020-09-21 14:50:18'),
(68, 'ASPIRE E1-471', 1, 2, 2, 0, '2020-09-21 14:50:23', '2020-09-21 14:50:23'),
(69, '17-R5', 1, 2, 2, 0, '2020-09-21 14:52:32', '2020-09-21 14:52:32'),
(70, '14', 1, 2, 2, 0, '2020-09-21 14:52:36', '2020-09-21 14:52:36'),
(71, 'M14X-R1', 1, 2, 2, 0, '2020-09-21 14:52:44', '2020-09-21 14:52:44'),
(72, 'M14X-R3', 1, 2, 2, 0, '2020-09-21 14:52:50', '2020-09-21 14:52:50'),
(73, '15', 1, 2, 2, 0, '2020-09-21 14:52:52', '2020-09-21 14:52:52'),
(74, 'P18G', 1, 2, 2, 0, '2020-09-21 14:52:55', '2020-09-21 14:52:55'),
(75, '13-R3', 1, 2, 2, 0, '2020-09-21 14:52:59', '2020-09-21 14:52:59'),
(76, '15-R4', 1, 2, 2, 0, '2020-09-21 14:53:04', '2020-09-21 14:53:04'),
(77, '15-R1', 1, 2, 2, 0, '2020-09-21 14:53:08', '2020-09-21 14:53:08'),
(78, '15-R3', 1, 2, 2, 0, '2020-09-21 14:53:15', '2020-09-21 14:53:15'),
(79, 'IPHONE 4G', 1, 2, 2, 0, '2020-09-21 14:56:53', '2020-09-21 14:56:53'),
(80, 'IPHONE 4S', 1, 2, 2, 0, '2020-09-21 14:56:58', '2020-09-21 14:56:58'),
(81, 'IPHONE 5C', 1, 2, 2, 0, '2020-09-21 14:57:03', '2020-09-21 14:57:03'),
(82, 'IPHONE 5G', 1, 2, 2, 0, '2020-09-21 14:57:17', '2020-09-21 14:57:17'),
(83, 'IPHONE 5S', 1, 2, 2, 0, '2020-09-21 14:57:21', '2020-09-21 14:57:21'),
(84, 'IPHONE 6+', 1, 2, 2, 0, '2020-09-21 14:57:26', '2020-09-21 14:57:26'),
(85, 'IPHONE 6G', 1, 2, 2, 0, '2020-09-21 14:57:34', '2020-09-21 14:57:34'),
(86, 'IPHONE 6S', 1, 2, 2, 0, '2020-09-21 14:57:39', '2020-09-21 14:57:39'),
(87, 'IPHONE 6S+', 1, 2, 2, 0, '2020-09-21 14:57:50', '2020-09-21 14:57:50'),
(88, 'IPHONE 7+', 1, 2, 2, 0, '2020-09-21 14:57:56', '2020-09-21 14:57:56'),
(89, 'IPHONE 7G', 1, 2, 2, 0, '2020-09-21 14:58:03', '2020-09-21 14:58:03'),
(90, 'IPHONE 8+', 1, 2, 2, 0, '2020-09-21 14:58:10', '2020-09-21 14:58:10'),
(91, 'IPHONE SE', 1, 2, 2, 0, '2020-09-21 14:58:15', '2020-09-21 14:58:15'),
(92, 'IPHONE X', 1, 2, 2, 0, '2020-09-21 14:58:23', '2020-09-21 14:58:23'),
(93, 'IPHONE XS', 1, 2, 2, 0, '2020-09-21 14:58:28', '2020-09-21 14:58:28'),
(94, 'IPHONE X MAX', 1, 2, 2, 0, '2020-09-21 14:58:34', '2020-09-21 14:58:34'),
(95, 'IPHONE XS MAX', 1, 2, 2, 0, '2020-09-21 14:58:40', '2020-09-21 14:58:40'),
(96, 'IPHONE XR', 1, 2, 2, 0, '2020-09-21 14:58:46', '2020-09-21 14:58:46'),
(97, 'IPHONE 11', 1, 2, 2, 0, '2020-09-21 14:58:56', '2020-09-21 14:58:56'),
(98, 'IPHONE 11 PRO', 1, 2, 2, 0, '2020-09-21 14:59:01', '2020-09-21 14:59:01'),
(99, 'ZENFONE 2', 1, 2, 2, 0, '2020-09-21 15:01:20', '2020-09-21 15:01:20'),
(100, 'ZENFONE 3 DELUXE', 1, 2, 2, 0, '2020-09-21 15:01:46', '2020-09-21 15:01:46'),
(101, 'ZENFONE 3 LASER', 1, 2, 2, 0, '2020-09-21 15:01:55', '2020-09-21 15:01:55'),
(102, 'ZENFONE 3 MAX', 1, 2, 2, 0, '2020-09-21 15:02:02', '2020-09-21 15:02:02'),
(103, 'ZENFONE 4 PRO', 1, 2, 2, 0, '2020-09-21 15:02:24', '2020-09-21 15:02:24'),
(104, 'ZENFONE 4 SELFIE PRO', 1, 2, 2, 0, '2020-09-21 15:02:36', '2020-09-21 15:02:36'),
(105, 'ZENFONE 5 2018', 1, 2, 2, 0, '2020-09-21 15:02:48', '2020-09-21 15:02:48'),
(106, 'ZENFONE GO', 1, 2, 2, 0, '2020-09-21 15:02:54', '2020-09-21 15:02:54'),
(107, 'ZENFONE MAX PRO M1', 1, 2, 2, 0, '2020-09-21 15:03:04', '2020-09-21 15:03:04'),
(108, 'ZENFONE MAX PRO M2', 1, 2, 2, 0, '2020-09-21 15:03:15', '2020-09-21 15:03:15'),
(109, 'ZENFONE MAX', 1, 2, 2, 0, '2020-09-21 15:03:20', '2020-09-21 15:03:20'),
(110, 'ZENFONE MAX M1', 1, 2, 2, 0, '2020-09-21 15:03:27', '2020-09-21 15:03:27'),
(111, 'ZENFONE SELFIE', 1, 2, 2, 0, '2020-09-21 15:03:45', '2020-09-21 15:03:45'),
(112, 'ZENFONE 2 LASER', 1, 2, 2, 0, '2020-09-21 15:03:51', '2020-09-21 15:03:51'),
(113, 'ZENFONE 4 SELFIE', 1, 2, 2, 0, '2020-09-21 15:03:59', '2020-09-21 15:03:59'),
(114, 'ZENFONE 5 LITE', 1, 2, 2, 0, '2020-09-21 15:04:07', '2020-09-21 15:04:07'),
(115, 'ZENFONE MAX M2', 1, 2, 2, 0, '2020-09-21 15:04:21', '2020-09-21 15:04:21'),
(116, 'ZENFONE LIVE', 1, 2, 2, 0, '2020-09-21 15:04:27', '2020-09-21 15:04:27'),
(117, 'ZENFONE 5', 1, 2, 2, 0, '2020-09-21 15:04:37', '2020-09-21 15:04:37'),
(118, 'ZENFONE 3 ZOOM', 1, 2, 2, 0, '2020-09-21 15:04:49', '2020-09-21 15:04:49'),
(119, 'ONE M9', 1, 2, 2, 0, '2020-09-21 15:18:06', '2020-09-21 15:18:06'),
(120, 'GR3 2017', 1, 2, 2, 0, '2020-09-21 15:19:41', '2020-09-21 15:19:41'),
(121, 'MATE 10', 1, 2, 2, 0, '2020-09-21 15:19:45', '2020-09-21 15:19:45'),
(122, 'MATE 10 LITE', 1, 2, 2, 0, '2020-09-21 15:19:50', '2020-09-21 15:19:50'),
(123, 'MATE 7', 1, 2, 2, 0, '2020-09-21 15:19:56', '2020-09-21 15:19:56'),
(124, 'MATE 8', 1, 2, 2, 0, '2020-09-21 15:20:00', '2020-09-21 15:20:00'),
(125, 'NOVA 2I', 1, 2, 2, 0, '2020-09-21 15:53:21', '2020-09-21 15:53:21'),
(126, 'NOVA', 1, 2, 2, 0, '2020-09-21 15:53:25', '2020-09-21 15:53:25'),
(127, 'P10+', 1, 2, 2, 0, '2020-09-21 15:53:29', '2020-09-21 15:53:29'),
(128, 'P8', 1, 2, 2, 0, '2020-09-21 15:53:38', '2020-09-21 15:53:38'),
(129, 'P8 LITE 2017', 1, 2, 2, 0, '2020-09-21 15:53:43', '2020-09-21 15:53:43'),
(130, 'Y6 2017', 1, 2, 2, 0, '2020-09-21 15:53:48', '2020-09-21 15:53:48'),
(131, 'Y7 PRIME 2018', 1, 2, 2, 0, '2020-09-21 15:53:53', '2020-09-21 15:53:53'),
(132, 'NOVA 2+', 1, 2, 2, 0, '2020-09-21 15:53:58', '2020-09-21 15:53:58'),
(133, 'MATE 20', 1, 2, 2, 0, '2020-09-21 15:54:09', '2020-09-21 15:54:09'),
(134, 'NOVA 3', 1, 2, 2, 0, '2020-09-21 15:54:13', '2020-09-21 15:54:13'),
(135, 'NOVA 5T', 1, 2, 2, 0, '2020-09-21 15:54:19', '2020-09-21 15:54:19'),
(136, 'MATE 9', 1, 2, 2, 0, '2020-09-21 15:54:23', '2020-09-21 15:54:23'),
(137, 'P20 PRO', 1, 2, 2, 0, '2020-09-21 15:54:27', '2020-09-21 15:54:27'),
(138, 'Y6 2019', 1, 2, 2, 0, '2020-09-21 15:54:31', '2020-09-21 15:54:31'),
(139, 'P10 LITE', 1, 2, 2, 0, '2020-09-21 15:54:36', '2020-09-21 15:54:36'),
(140, 'NOVA LITE', 1, 2, 2, 0, '2020-09-21 15:54:40', '2020-09-21 15:54:57'),
(141, 'NOVA 2 LITE', 1, 2, 2, 0, '2020-09-21 15:55:15', '2020-09-21 15:55:15'),
(142, 'P10', 1, 2, 2, 0, '2020-09-21 15:55:18', '2020-09-21 15:55:18'),
(143, 'Y9 PRIME 2019', 1, 2, 2, 0, '2020-09-21 15:55:25', '2020-09-21 15:55:25'),
(144, 'Y6 2018', 1, 2, 2, 0, '2020-09-21 15:55:29', '2020-09-21 15:55:29'),
(145, 'Y6 PRO', 1, 2, 2, 0, '2020-09-21 15:55:46', '2020-09-21 15:55:46'),
(146, 'HONOR 8X', 1, 2, 2, 0, '2020-09-21 15:55:52', '2020-09-21 15:55:52'),
(147, 'P20 LITE', 1, 2, 2, 0, '2020-09-21 15:56:05', '2020-09-21 15:56:05'),
(148, 'MATE 10 PRO', 1, 2, 2, 0, '2020-09-21 15:56:12', '2020-09-21 15:56:12'),
(149, 'P30', 1, 2, 2, 0, '2020-09-21 15:56:15', '2020-09-21 15:56:15'),
(150, 'P20', 1, 2, 2, 0, '2020-09-21 15:56:22', '2020-09-21 15:56:22'),
(151, 'P9', 1, 2, 2, 0, '2020-09-21 15:56:26', '2020-09-21 15:56:26'),
(152, 'Y7 PRO 2019', 1, 2, 2, 0, '2020-09-21 15:56:33', '2020-09-21 15:56:33'),
(153, 'Y9S', 1, 2, 2, 0, '2020-09-21 15:56:37', '2020-09-21 15:56:37'),
(154, 'Y7 2019', 1, 2, 2, 0, '2020-09-21 15:56:48', '2020-09-21 15:56:48'),
(155, 'NOVA 7I', 1, 2, 2, 0, '2020-09-21 15:56:56', '2020-09-21 15:56:56'),
(156, 'Y7 PRIME 2017', 1, 2, 2, 0, '2020-09-21 15:57:08', '2020-09-21 15:57:08'),
(157, 'Y7P', 1, 2, 2, 0, '2020-09-21 15:57:12', '2020-09-21 15:57:12'),
(158, 'NOVA 3I', 1, 2, 2, 0, '2020-09-21 15:57:22', '2020-09-21 15:57:22'),
(159, 'Y9 2019', 1, 2, 2, 0, '2020-09-21 15:57:28', '2020-09-21 15:57:28'),
(160, 'P30 LITE', 1, 2, 2, 0, '2020-09-21 15:57:33', '2020-09-21 15:57:33'),
(161, 'Y6 PRO 2019', 1, 2, 2, 0, '2020-09-21 15:57:48', '2020-09-21 15:57:48'),
(162, 'P SMART 2019', 1, 2, 2, 0, '2020-09-21 15:57:55', '2020-09-21 15:57:55'),
(163, 'MATE 20 PRO', 1, 2, 2, 0, '2020-09-21 15:58:00', '2020-09-21 15:58:00'),
(164, 'TAB S8', 1, 2, 2, 0, '2020-09-21 18:06:58', '2020-09-21 18:06:58'),
(165, 'A7000', 1, 2, 2, 0, '2020-09-21 18:07:05', '2020-09-21 18:07:05'),
(166, 'P2', 1, 2, 2, 0, '2020-09-21 18:07:11', '2020-09-21 18:07:11'),
(167, 'G2', 1, 2, 2, 0, '2020-09-21 18:07:46', '2020-09-21 18:07:46'),
(168, 'G4 STYLUS', 1, 2, 2, 0, '2020-09-21 18:07:55', '2020-09-21 18:07:55'),
(169, 'K10', 1, 2, 2, 0, '2020-09-21 18:07:59', '2020-09-21 18:07:59'),
(170, 'K20+', 1, 2, 2, 0, '2020-09-21 18:08:04', '2020-09-21 18:08:04'),
(171, 'K4 2017', 1, 2, 2, 0, '2020-09-21 18:08:08', '2020-09-21 18:08:08'),
(172, 'K8', 1, 2, 2, 0, '2020-09-21 18:08:11', '2020-09-21 18:08:11'),
(173, 'NEXUS 4', 1, 2, 2, 0, '2020-09-21 18:08:27', '2020-09-21 18:08:27'),
(174, 'LUMIA 640', 1, 2, 2, 0, '2020-09-21 19:19:34', '2020-09-21 19:19:34'),
(175, '6 2018', 1, 2, 2, 0, '2020-09-21 19:19:47', '2020-09-21 19:19:47'),
(176, '3.1', 1, 2, 2, 0, '2020-09-21 19:20:01', '2020-09-21 19:20:01'),
(177, 'A51W', 1, 2, 2, 0, '2020-09-21 19:20:37', '2020-09-21 19:20:37'),
(178, 'A53', 1, 2, 2, 0, '2020-09-21 19:20:46', '2020-09-21 19:20:46'),
(179, 'A7', 1, 2, 2, 0, '2020-09-21 19:36:41', '2020-09-21 19:36:41'),
(180, 'NEO 7', 1, 2, 2, 0, '2020-09-21 19:36:46', '2020-09-21 19:36:46'),
(181, 'A35', 1, 2, 2, 0, '2020-09-21 19:36:52', '2020-09-21 19:36:52'),
(182, 'F1+', 1, 2, 2, 0, '2020-09-21 19:36:58', '2020-09-21 19:36:58'),
(183, 'A37F', 1, 2, 2, 0, '2020-09-21 19:37:03', '2020-09-21 19:37:03'),
(184, 'F3+', 1, 2, 2, 0, '2020-09-21 19:37:07', '2020-09-21 19:37:07'),
(185, 'F7', 1, 2, 2, 0, '2020-09-21 19:37:10', '2020-09-21 19:37:10'),
(186, 'F5 YOUTH', 1, 2, 2, 0, '2020-09-21 19:37:15', '2020-09-21 19:37:15'),
(187, 'A83', 1, 2, 2, 0, '2020-09-21 19:37:18', '2020-09-21 19:37:18'),
(188, 'F7 YOUTH', 1, 2, 2, 0, '2020-09-21 19:53:28', '2020-09-21 19:53:28'),
(189, 'A83F7 YOUTH', 2, 2, 2, 0, '2020-09-21 19:53:37', '2020-09-21 19:55:13'),
(190, 'A71', 1, 2, 2, 0, '2020-09-21 19:56:54', '2020-09-21 19:56:54'),
(191, 'A33', 1, 2, 2, 0, '2020-09-21 19:56:57', '2020-09-21 19:56:57'),
(192, 'F1S', 1, 2, 2, 0, '2020-09-21 19:57:01', '2020-09-21 19:57:01'),
(193, 'F3', 1, 2, 2, 0, '2020-09-21 19:57:03', '2020-09-21 19:57:03'),
(194, 'A3S', 1, 2, 2, 0, '2020-09-21 19:57:05', '2020-09-21 19:57:05'),
(195, 'F5', 1, 2, 2, 0, '2020-09-21 19:57:27', '2020-09-21 19:57:27'),
(196, 'A5S', 1, 2, 2, 0, '2020-09-21 19:57:31', '2020-09-21 19:57:31'),
(197, 'F9', 1, 2, 2, 0, '2020-09-21 19:57:34', '2020-09-21 19:57:34'),
(198, 'J7+', 1, 2, 2, 0, '2020-09-21 21:04:36', '2020-09-21 21:04:36'),
(199, 'A3 2017', 1, 2, 2, 0, '2020-09-21 21:04:40', '2020-09-21 21:04:40'),
(200, 'A5 2015', 1, 2, 2, 0, '2020-09-21 21:04:45', '2020-09-21 21:04:45'),
(201, 'A5 2016', 1, 2, 2, 0, '2020-09-21 21:04:48', '2020-09-21 21:04:48'),
(202, 'A5 2017', 1, 2, 2, 0, '2020-09-21 21:04:52', '2020-09-21 21:04:52'),
(203, 'A7 2015', 1, 2, 2, 0, '2020-09-21 21:05:16', '2020-09-21 21:05:16'),
(204, 'A7 2016', 1, 2, 2, 0, '2020-09-21 21:05:20', '2020-09-21 21:05:20'),
(205, 'A8 2018', 1, 2, 2, 0, '2020-09-21 21:05:33', '2020-09-21 21:05:33'),
(206, 'J2 PRO', 1, 2, 2, 0, '2020-09-21 21:05:38', '2020-09-21 21:05:38'),
(207, 'J3 2016', 1, 2, 2, 0, '2020-09-21 21:05:42', '2020-09-21 21:05:42'),
(208, 'J3 PRO', 1, 2, 2, 0, '2020-09-21 21:06:03', '2020-09-21 21:06:03'),
(209, 'J5 PRIME', 1, 2, 2, 0, '2020-09-21 21:06:13', '2020-09-21 21:06:13'),
(210, 'J5 PRO', 1, 2, 2, 0, '2020-09-21 21:06:19', '2020-09-21 21:06:19'),
(211, 'J7 2015', 1, 2, 2, 0, '2020-09-21 21:06:25', '2020-09-21 21:06:25'),
(212, 'J7 PRIME 2', 1, 2, 2, 0, '2020-09-21 21:06:37', '2020-09-21 21:06:37'),
(213, 'MEGA', 1, 2, 2, 0, '2020-09-21 21:06:56', '2020-09-21 21:06:56'),
(214, 'NOTE 3', 1, 2, 2, 0, '2020-09-21 21:07:00', '2020-09-21 21:07:00'),
(215, 'S4', 1, 2, 2, 0, '2020-09-21 21:07:39', '2020-09-21 21:07:39'),
(216, 'S6 EDGE', 1, 2, 2, 0, '2020-09-21 21:07:44', '2020-09-21 21:07:44'),
(217, 'S7', 1, 2, 2, 0, '2020-09-21 21:07:47', '2020-09-21 21:07:47'),
(218, 'S10', 1, 2, 2, 0, '2020-09-21 21:07:50', '2020-09-21 21:07:50'),
(219, 'C5 PRO', 1, 2, 2, 0, '2020-09-21 21:07:54', '2020-09-21 21:07:54'),
(220, 'A20S', 1, 2, 2, 0, '2020-09-21 21:07:56', '2020-09-21 21:07:56'),
(221, 'M10', 1, 2, 2, 0, '2020-09-21 21:08:21', '2020-09-21 21:08:21'),
(222, 'J6 2018', 1, 2, 2, 0, '2020-09-21 21:08:25', '2020-09-21 21:08:25'),
(223, 'J6+', 1, 2, 2, 0, '2020-09-21 21:08:30', '2020-09-21 21:08:30'),
(224, 'S8', 1, 2, 2, 0, '2020-09-21 21:08:33', '2020-09-21 21:08:33'),
(225, 'A30', 1, 2, 2, 0, '2020-09-21 21:08:36', '2020-09-21 21:08:36'),
(226, 'A8+', 1, 2, 2, 0, '2020-09-21 21:08:40', '2020-09-21 21:08:40'),
(227, 'J7 2018', 1, 2, 2, 0, '2020-09-21 21:08:44', '2020-09-21 21:08:44'),
(228, 'J7 CORE', 1, 2, 2, 0, '2020-09-21 21:08:57', '2020-09-21 21:08:57'),
(229, 'E7', 1, 2, 2, 0, '2020-09-21 21:09:00', '2020-09-21 21:09:00'),
(230, 'A7 2017', 1, 2, 2, 0, '2020-09-21 21:09:04', '2020-09-21 21:09:04'),
(231, '2 PRIME', 1, 2, 2, 0, '2020-09-21 21:09:08', '2020-09-21 21:09:08'),
(232, 'A20', 1, 2, 2, 0, '2020-09-21 21:09:10', '2020-09-21 21:09:10'),
(233, 'J7 PRIME', 1, 2, 2, 0, '2020-09-21 21:09:23', '2020-09-21 21:09:23'),
(234, 'S8+', 1, 2, 2, 0, '2020-09-21 21:09:35', '2020-09-21 21:09:35'),
(235, 'S10+', 1, 2, 2, 0, '2020-09-21 21:09:45', '2020-09-21 21:09:45'),
(236, 'A10S', 1, 2, 2, 0, '2020-09-21 21:09:47', '2020-09-21 21:09:47'),
(237, 'A50S', 1, 2, 2, 0, '2020-09-21 21:09:51', '2020-09-21 21:09:51'),
(238, 'A70', 1, 2, 2, 0, '2020-09-21 21:09:53', '2020-09-21 21:09:53'),
(239, 'A30S', 1, 2, 2, 0, '2020-09-21 21:09:55', '2020-09-21 21:09:55'),
(240, 'J7 PRO', 1, 2, 2, 0, '2020-09-21 21:10:01', '2020-09-21 21:10:01'),
(241, 'J8 2018', 1, 2, 2, 0, '2020-09-21 21:10:04', '2020-09-21 21:10:04'),
(242, 'J8+ 2018', 1, 2, 2, 0, '2020-09-21 21:10:17', '2020-09-21 21:10:17'),
(243, 'J4', 1, 2, 2, 0, '2020-09-21 21:10:21', '2020-09-21 21:10:21'),
(244, 'J4+ 2018', 1, 2, 2, 0, '2020-09-21 21:10:30', '2020-09-21 21:10:30'),
(245, 'J7 2016', 1, 2, 2, 0, '2020-09-21 21:10:34', '2020-09-21 21:10:34'),
(246, 'NOTE 5', 1, 2, 2, 0, '2020-09-21 21:10:38', '2020-09-21 21:10:38'),
(247, 'A9 2018', 1, 2, 2, 0, '2020-09-21 21:10:44', '2020-09-21 21:10:44'),
(248, 'S7 EDGE', 1, 2, 2, 0, '2020-09-21 21:10:48', '2020-09-21 21:10:48'),
(249, 'S6 EDGE+', 1, 2, 2, 0, '2020-09-21 21:11:14', '2020-09-21 21:11:14'),
(250, 'A7 2018', 1, 2, 2, 0, '2020-09-21 21:11:19', '2020-09-21 21:11:19'),
(251, 'A80', 1, 2, 2, 0, '2020-09-21 21:11:21', '2020-09-21 21:11:21'),
(252, 'A6', 1, 2, 2, 0, '2020-09-21 21:11:24', '2020-09-21 21:11:24'),
(253, 'S9', 1, 2, 2, 0, '2020-09-21 21:11:27', '2020-09-21 21:11:27'),
(254, 'NOTE 8', 1, 2, 2, 0, '2020-09-21 21:11:35', '2020-09-21 21:11:35'),
(255, 'A10', 1, 2, 2, 0, '2020-09-21 21:11:38', '2020-09-21 21:11:38'),
(256, 'A50', 1, 2, 2, 0, '2020-09-21 21:11:40', '2020-09-21 21:11:40'),
(257, 'C9', 1, 2, 2, 0, '2020-09-21 21:11:55', '2020-09-21 21:11:55'),
(258, 'C9 PRO', 1, 2, 2, 0, '2020-09-21 21:11:58', '2020-09-21 21:11:58'),
(259, 'XPERIA C3', 1, 2, 2, 0, '2020-09-22 18:53:11', '2020-09-22 18:53:11'),
(260, 'XPERIA C4', 1, 2, 2, 0, '2020-09-22 18:53:16', '2020-09-22 18:53:16'),
(261, 'XPERIA M4', 1, 2, 2, 0, '2020-09-22 18:53:20', '2020-09-22 18:53:20'),
(262, 'XPERIA M5', 1, 2, 2, 0, '2020-09-22 18:53:25', '2020-09-22 18:53:25'),
(263, 'XPERIA X', 1, 2, 2, 0, '2020-09-22 18:53:30', '2020-09-22 18:53:30'),
(264, 'XPERIA XA ULTRA', 1, 2, 2, 0, '2020-09-22 18:53:47', '2020-09-22 18:53:47'),
(265, 'XPERIA XA1', 1, 2, 2, 0, '2020-09-22 18:53:53', '2020-09-22 18:53:53'),
(266, 'XPERIA XA1 ULTRA', 1, 2, 2, 0, '2020-09-22 18:54:04', '2020-09-22 18:54:04'),
(267, 'XPERIA XA2', 1, 2, 2, 0, '2020-09-22 18:54:16', '2020-09-22 18:54:16'),
(268, 'XPERIA XZ', 1, 2, 2, 0, '2020-09-22 18:54:22', '2020-09-22 18:54:22'),
(269, 'XPERIA Z', 1, 2, 2, 0, '2020-09-22 18:54:26', '2020-09-22 18:54:26'),
(270, 'XPERIA XZ PREMIUM', 1, 2, 2, 0, '2020-09-22 18:54:42', '2020-09-22 18:54:42'),
(271, 'XPERIA Z ULTRA', 1, 2, 2, 0, '2020-09-22 18:54:57', '2020-09-22 18:54:57'),
(272, 'XPERIA Z1', 1, 2, 4, 0, '2020-09-22 18:55:11', '2020-09-26 15:04:12'),
(273, 'XPERIA Z2', 1, 2, 2, 0, '2020-09-22 18:55:17', '2020-09-22 18:55:17'),
(274, 'XPERIA Z3', 1, 2, 2, 0, '2020-09-22 18:55:22', '2020-09-22 18:55:22'),
(275, 'XPERIA Z3+', 1, 2, 2, 0, '2020-09-22 18:55:32', '2020-09-22 18:55:32'),
(276, 'XPERIA Z5 ULTRA', 1, 2, 2, 0, '2020-09-22 18:57:06', '2020-09-22 18:57:06'),
(277, 'XPERIA XZ3', 1, 2, 2, 0, '2020-09-22 18:57:12', '2020-09-22 18:57:12'),
(278, 'XPERIA XA1+', 1, 2, 2, 0, '2020-09-22 18:57:20', '2020-09-22 18:57:20'),
(279, 'XPERIA Z5', 1, 2, 2, 0, '2020-09-22 18:57:26', '2020-09-22 18:57:26'),
(280, 'XPERIA XA', 1, 2, 2, 0, '2020-09-22 18:57:35', '2020-09-22 18:57:35'),
(281, 'Y55L', 1, 2, 2, 0, '2020-09-22 19:03:18', '2020-09-22 19:03:18'),
(282, 'V15', 1, 2, 2, 0, '2020-09-22 19:03:20', '2020-09-22 19:03:20'),
(283, 'Y55S', 1, 2, 2, 0, '2020-09-22 19:03:24', '2020-09-22 19:03:24'),
(284, 'V5S', 1, 2, 2, 0, '2020-09-22 19:03:27', '2020-09-22 19:03:27'),
(285, 'V9', 1, 2, 2, 0, '2020-09-22 19:03:29', '2020-09-22 19:03:29'),
(286, 'Y85', 1, 2, 2, 0, '2020-09-22 19:03:33', '2020-09-22 19:03:33'),
(287, 'Y81', 1, 2, 2, 0, '2020-09-22 19:03:38', '2020-09-22 19:03:38'),
(288, 'V11', 1, 2, 2, 0, '2020-09-22 19:03:40', '2020-09-22 19:03:40'),
(289, 'Y91', 1, 2, 2, 0, '2020-09-22 19:03:44', '2020-09-22 19:03:44'),
(290, 'V7', 1, 2, 2, 0, '2020-09-22 19:03:47', '2020-09-22 19:03:47'),
(291, 'V7+', 1, 2, 2, 0, '2020-09-22 19:03:51', '2020-09-22 19:03:51'),
(292, 'V5', 1, 2, 2, 0, '2020-09-22 19:03:53', '2020-09-22 19:03:53'),
(293, 'V11 PRO', 1, 2, 2, 0, '2020-09-22 19:03:57', '2020-09-22 19:03:57'),
(294, 'Y95', 1, 2, 2, 0, '2020-09-22 19:03:59', '2020-09-22 19:03:59'),
(295, 'Y71', 1, 2, 2, 0, '2020-09-22 19:04:02', '2020-09-22 19:04:02'),
(296, 'V15 PRO', 1, 2, 2, 0, '2020-09-22 19:04:13', '2020-09-22 19:04:13'),
(297, 'Y83', 1, 2, 2, 0, '2020-09-22 19:04:15', '2020-09-22 19:04:15'),
(298, 'Y55', 1, 2, 2, 0, '2020-09-22 19:04:19', '2020-09-22 19:04:19'),
(299, 'A2 LITE', 1, 2, 2, 0, '2020-09-22 19:05:37', '2020-09-22 19:05:37'),
(300, 'MI MIX 2', 1, 2, 2, 0, '2020-09-22 19:05:47', '2020-09-22 19:05:47'),
(301, 'REDMI 4', 1, 2, 2, 0, '2020-09-22 19:05:51', '2020-09-22 19:05:51'),
(302, 'REDMI 4X', 1, 2, 2, 0, '2020-09-22 19:05:56', '2020-09-22 19:05:56'),
(303, 'REDMI 5', 1, 2, 2, 0, '2020-09-22 19:06:00', '2020-09-22 19:06:00'),
(304, 'REDMI 5+', 1, 2, 2, 0, '2020-09-22 19:06:04', '2020-09-22 19:06:04'),
(305, 'REDMI MI MAX 2', 1, 2, 2, 0, '2020-09-22 19:06:23', '2020-09-22 19:06:23'),
(306, 'REDMI NOTE 5', 1, 2, 2, 0, '2020-09-22 19:06:35', '2020-09-22 19:06:35'),
(307, 'REDMI S2', 1, 2, 2, 0, '2020-09-22 19:06:40', '2020-09-22 19:06:40'),
(308, 'REDMI NOTE 7', 1, 2, 2, 0, '2020-09-22 19:06:47', '2020-09-22 19:06:47'),
(309, 'REDMI NOTE 4X', 1, 2, 2, 0, '2020-09-22 19:06:54', '2020-09-22 19:06:54'),
(310, 'REDMI NOTE 4', 1, 2, 2, 0, '2020-09-22 19:07:05', '2020-09-22 19:07:05'),
(311, 'MI 3', 1, 2, 2, 0, '2020-09-22 19:07:11', '2020-09-22 19:07:11'),
(312, 'IPAD PRO A1674', 1, 2, 2, 0, '2020-09-22 19:09:04', '2020-09-22 19:09:04'),
(313, 'IPAD PRO A1701', 1, 2, 2, 0, '2020-09-22 19:09:10', '2020-09-22 19:09:10'),
(314, 'IPAD PRO 11\" A1934', 1, 2, 2, 0, '2020-09-22 19:09:18', '2020-09-22 19:09:18'),
(315, 'MINI 5 2019', 1, 2, 2, 0, '2020-09-22 19:09:39', '2020-09-22 19:09:39'),
(316, 'MINI 4', 1, 2, 2, 0, '2020-09-22 19:09:43', '2020-09-22 19:09:43'),
(317, 'PAD AIR', 1, 2, 2, 0, '2020-09-22 19:09:46', '2020-09-22 19:09:46'),
(318, 'IPAD AIR 2', 1, 2, 2, 0, '2020-09-22 19:09:52', '2020-09-22 19:09:52'),
(319, 'IPAD AIR 3', 1, 2, 2, 0, '2020-09-22 19:09:57', '2020-09-22 19:09:57'),
(320, 'ZENPAD 10', 1, 2, 2, 0, '2020-09-22 19:10:12', '2020-09-22 19:10:12'),
(321, 'MEDIAPAD T1', 1, 2, 2, 0, '2020-09-22 19:13:06', '2020-09-22 19:13:06'),
(322, 'MEDIAPAD T3', 1, 2, 2, 0, '2020-09-22 19:13:12', '2020-09-22 19:13:12'),
(323, 'MEDIAPAD M3 LITE', 1, 2, 2, 0, '2020-09-22 19:48:17', '2020-09-22 19:48:17'),
(324, 'MEDIAPAD M5 LITE', 1, 2, 2, 0, '2020-09-22 19:48:48', '2020-09-22 19:48:48'),
(325, 'PHAB 2', 1, 2, 2, 0, '2020-09-22 19:51:31', '2020-09-22 19:51:31'),
(326, 'TAB 2', 1, 2, 2, 0, '2020-09-22 19:51:35', '2020-09-22 19:51:35'),
(327, 'TAB E', 1, 2, 2, 0, '2020-09-22 19:52:56', '2020-09-22 19:52:56'),
(328, 'TAB 4', 1, 2, 2, 0, '2020-09-22 19:53:01', '2020-09-22 19:53:01'),
(329, 'NOTE 10.1', 1, 2, 2, 0, '2020-09-22 19:53:09', '2020-09-22 19:53:09'),
(330, 'TAB A2016', 1, 2, 2, 0, '2020-09-22 19:53:14', '2020-09-22 19:53:14'),
(331, 'TAB S2', 1, 2, 2, 0, '2020-09-22 19:53:18', '2020-09-22 19:53:18'),
(332, 'NOTE N8000', 1, 2, 2, 0, '2020-09-22 19:53:31', '2020-09-22 19:53:31'),
(333, 'TAB A P355', 1, 2, 2, 0, '2020-09-22 19:53:40', '2020-09-22 19:53:40'),
(334, 'TAB Z2', 1, 2, 2, 0, '2020-09-22 20:00:00', '2020-09-22 20:00:00'),
(335, 'L220', 1, 2, 2, 0, '2020-09-22 21:02:41', '2020-09-22 21:02:41'),
(336, 'L210', 1, 2, 2, 0, '2020-09-22 21:02:46', '2020-09-22 21:02:46'),
(337, 'G1800', 1, 2, 2, 0, '2020-09-22 21:02:59', '2020-09-22 21:02:59'),
(338, 'G1000', 1, 2, 2, 0, '2020-09-22 21:21:42', '2020-09-22 21:21:42'),
(339, 'G2000', 1, 2, 2, 0, '2020-09-22 21:21:47', '2020-09-22 21:21:47'),
(340, 'G3000', 1, 2, 2, 0, '2020-09-22 21:21:53', '2020-09-22 21:21:53'),
(341, 'DCP T700', 1, 2, 2, 0, '2020-09-22 21:22:07', '2020-09-22 21:22:07'),
(342, 'DCP J200', 1, 2, 2, 0, '2020-09-22 21:22:14', '2020-09-22 21:22:14'),
(343, 'X1140A', 1, 2, 2, 0, '2020-09-22 21:23:00', '2020-09-22 21:23:00'),
(344, 'B101AW06', 2, 2, 2, 0, '2020-09-23 17:01:45', '2020-09-23 17:12:10'),
(345, 'B125XW01 V.0', 2, 2, 2, 0, '2020-09-23 17:05:59', '2020-09-23 17:11:40'),
(346, 'B116XW03', 2, 2, 2, 0, '2020-09-23 17:06:09', '2020-09-24 18:52:30'),
(347, 'B133XTN01.3', 2, 2, 2, 0, '2020-09-23 17:06:19', '2020-09-23 17:38:36'),
(348, 'B133HAN04.2', 2, 2, 2, 0, '2020-09-23 17:06:26', '2020-09-24 18:52:21'),
(349, 'B133HAN02.7', 2, 2, 2, 0, '2020-09-23 17:07:09', '2020-09-23 19:25:18'),
(350, 'B133XTN01.5', 2, 2, 2, 0, '2020-09-23 17:07:16', '2020-09-23 17:12:37'),
(351, 'B140XTN03.9', 2, 2, 2, 0, '2020-09-23 17:08:00', '2020-09-24 18:52:13'),
(352, 'B140XTN02.E', 2, 2, 2, 0, '2020-09-23 17:08:10', '2020-09-24 18:52:02'),
(353, 'B140XTN03.6', 2, 2, 2, 0, '2020-09-23 17:08:23', '2020-09-24 18:51:48'),
(354, 'B140QAN01.0', 2, 2, 2, 0, '2020-09-23 17:08:31', '2020-09-24 18:51:38'),
(355, 'B140XTN02.3', 2, 2, 2, 0, '2020-09-23 17:08:36', '2020-09-24 18:51:28'),
(356, 'B156HTN03.2', 2, 2, 2, 0, '2020-09-23 17:08:51', '2020-09-24 18:51:06'),
(357, 'B156XTN04.2', 2, 2, 2, 0, '2020-09-23 17:09:01', '2020-09-24 18:50:56'),
(358, 'B156XW04', 2, 2, 2, 0, '2020-09-23 17:09:04', '2020-09-24 18:50:42'),
(359, 'B156XW03', 2, 2, 2, 0, '2020-09-23 17:09:09', '2020-09-24 18:50:29'),
(360, 'N156HAN02', 2, 2, 2, 0, '2020-09-23 17:09:16', '2020-09-24 18:42:51'),
(361, 'B131RW02', 2, 2, 2, 0, '2020-09-23 17:09:20', '2020-09-24 18:50:19'),
(362, 'B156XW02 V.1', 2, 2, 2, 0, '2020-09-23 17:09:26', '2020-09-24 18:50:09'),
(363, 'B125XW01', 2, 2, 2, 0, '2020-09-23 17:09:31', '2020-09-24 18:49:46'),
(364, 'B140XW01', 2, 2, 2, 0, '2020-09-23 17:09:44', '2020-09-24 18:44:53'),
(365, 'NT116WHM-N21', 2, 2, 2, 0, '2020-09-23 17:10:04', '2020-09-24 18:44:42'),
(366, 'NV140FHM-N49', 2, 2, 2, 0, '2020-09-23 17:10:12', '2020-09-24 18:44:31'),
(367, 'NT140WHM-N44', 2, 2, 2, 0, '2020-09-23 17:10:14', '2020-09-24 18:44:21'),
(368, 'NT140WHM-N43', 2, 2, 2, 0, '2020-09-23 17:10:19', '2020-09-24 18:43:37'),
(369, 'NT140WHM-N31', 2, 2, 2, 0, '2020-09-23 17:10:22', '2020-09-24 18:44:10'),
(370, 'MACBOOK AIR A1466', 1, 4, 4, 0, '2020-09-24 21:10:23', '2020-09-24 21:10:23'),
(371, 'IPAD PRO A1577', 1, 2, 2, 0, '2020-09-24 21:41:45', '2020-09-24 21:41:45'),
(372, 'IPAD PRO A1798', 1, 2, 2, 0, '2020-09-24 21:41:50', '2020-09-24 21:41:50'),
(373, 'IPAD PRO A1664', 1, 2, 2, 0, '2020-09-24 21:41:55', '2020-09-24 21:41:55'),
(374, 'IPAD 2', 1, 2, 2, 0, '2020-09-24 21:42:15', '2020-09-24 21:42:15'),
(375, 'NB200', 1, 2, 2, 0, '2020-09-24 21:42:46', '2020-09-24 21:42:46'),
(376, 'SATELLITE L850', 1, 2, 2, 0, '2020-09-24 21:42:49', '2020-09-24 21:42:49'),
(377, 'PORTEGE Z935', 1, 2, 2, 0, '2020-09-24 21:42:53', '2020-09-24 21:42:53'),
(378, 'SATELLITE A300', 1, 2, 2, 0, '2020-09-24 21:42:56', '2020-09-24 21:42:56'),
(379, 'SATELITE A305', 1, 2, 2, 0, '2020-09-24 21:43:01', '2020-09-24 21:43:01'),
(380, 'SATELLITE L300', 1, 2, 2, 0, '2020-09-24 21:43:05', '2020-09-24 21:43:05'),
(381, 'SATELLITE L50', 1, 2, 2, 0, '2020-09-24 21:43:09', '2020-09-24 21:43:09'),
(382, 'SATELITE L55', 1, 2, 2, 0, '2020-09-24 21:43:12', '2020-09-24 21:43:12'),
(383, 'SATELITE L655', 1, 2, 2, 0, '2020-09-24 21:43:15', '2020-09-24 21:43:15'),
(384, 'SATELITE L955', 1, 2, 2, 0, '2020-09-24 21:43:18', '2020-09-24 21:43:18'),
(385, 'SATELITE R732', 1, 2, 2, 0, '2020-09-24 21:43:23', '2020-09-24 21:43:39'),
(386, 'SATELLITE U940', 1, 2, 2, 0, '2020-09-24 21:44:00', '2020-09-24 21:44:00'),
(387, 'NB505', 1, 2, 2, 0, '2020-09-24 21:44:05', '2020-09-24 21:44:05'),
(388, 'SATELLITE L500D', 1, 2, 2, 0, '2020-09-24 21:44:08', '2020-09-24 21:44:08'),
(389, 'SATELLITE C800', 1, 2, 2, 0, '2020-09-24 21:44:11', '2020-09-24 21:44:11'),
(390, 'SATELLITE C665', 1, 2, 2, 0, '2020-09-24 21:44:15', '2020-09-24 21:44:15'),
(391, 'SATELLITE L84', 1, 2, 2, 0, '2020-09-24 21:44:20', '2020-09-24 21:44:20'),
(392, 'SATELLITE L745', 1, 2, 2, 0, '2020-09-24 21:44:23', '2020-09-24 21:44:23'),
(393, 'SATELLITE L50-B', 1, 2, 2, 0, '2020-09-24 21:44:26', '2020-09-24 21:44:26'),
(394, 'SATELLITE L450', 1, 2, 2, 0, '2020-09-24 21:44:31', '2020-09-24 21:44:31'),
(395, 'PORTEGE Z835', 1, 2, 2, 0, '2020-09-24 21:44:34', '2020-09-24 21:44:34'),
(396, 'SATELLITE P50T', 1, 2, 2, 0, '2020-09-24 21:44:37', '2020-09-24 21:44:37'),
(397, 'NB305', 1, 2, 2, 0, '2020-09-24 21:44:40', '2020-09-24 21:44:40'),
(398, 'SATELLITE P845', 1, 2, 2, 0, '2020-09-24 21:44:43', '2020-09-24 21:44:43'),
(399, 'DYNABOOK R632', 1, 2, 2, 0, '2020-09-24 21:44:46', '2020-09-24 21:44:46'),
(400, 'SATELITE S40-B', 1, 2, 2, 0, '2020-09-24 21:44:52', '2020-09-24 21:44:52'),
(401, 'SATELITE C55-1964', 1, 2, 2, 0, '2020-09-24 21:44:56', '2020-09-24 21:44:56'),
(402, 'SATELLITE L40-B', 1, 2, 2, 0, '2020-09-24 21:44:58', '2020-09-24 21:44:58'),
(403, 'SATELLITE R30-A', 1, 2, 2, 0, '2020-09-24 21:45:03', '2020-09-24 21:45:03'),
(404, 'SATELLITE A10', 1, 2, 2, 0, '2020-09-24 21:45:05', '2020-09-24 21:45:05'),
(405, 'SATELITE L40-A', 1, 2, 2, 0, '2020-09-24 21:45:09', '2020-09-24 21:45:09'),
(406, 'NB520', 1, 2, 2, 0, '2020-09-24 21:45:11', '2020-09-24 21:45:11'),
(407, 'SATELLITE U500', 1, 2, 2, 0, '2020-09-24 21:45:16', '2020-09-24 21:45:16'),
(408, 'SATELLITE L45', 1, 2, 2, 0, '2020-09-24 21:45:20', '2020-09-24 21:45:20'),
(409, 'SATELLITE E45-B4200', 1, 2, 2, 0, '2020-09-24 21:45:23', '2020-09-24 21:45:23'),
(410, 'SATELLITE NB10-A', 1, 2, 2, 0, '2020-09-24 21:45:27', '2020-09-24 21:45:27'),
(411, 'QOSMIO X770', 1, 2, 2, 0, '2020-09-24 21:45:31', '2020-09-24 21:45:31'),
(412, 'SATELLITE L40D-A', 1, 2, 2, 0, '2020-09-24 21:45:33', '2020-09-24 21:45:33'),
(413, 'SATELLITE RADIUS 14-E45W', 1, 2, 2, 0, '2020-09-24 21:45:36', '2020-09-24 21:45:36'),
(414, 'SATELLITE L510', 1, 2, 2, 0, '2020-09-24 21:45:39', '2020-09-24 21:45:39'),
(415, 'SATELLITE C850', 1, 2, 2, 0, '2020-09-24 21:45:42', '2020-09-24 21:45:42'),
(416, 'SATELLITE L500', 1, 2, 2, 0, '2020-09-24 21:45:47', '2020-09-24 21:45:47'),
(417, 'SATELLITE C55-A', 1, 2, 2, 0, '2020-09-24 21:45:52', '2020-09-24 21:45:52'),
(418, 'PORTEGE Z930', 1, 2, 2, 0, '2020-09-24 21:46:05', '2020-09-24 21:46:05'),
(419, 'SATELLITE S401-A', 1, 2, 2, 0, '2020-09-24 21:46:09', '2020-09-24 21:46:09'),
(420, 'SATELLITE L55-A5385', 1, 2, 2, 0, '2020-09-24 21:46:13', '2020-09-24 21:46:13'),
(421, 'SATELLITE S875', 1, 2, 2, 0, '2020-09-24 21:46:15', '2020-09-24 21:46:15'),
(422, 'DYNABOOK R631D', 1, 2, 2, 0, '2020-09-24 21:46:18', '2020-09-24 21:46:18'),
(423, 'SATELLITE C40D-A', 1, 2, 2, 0, '2020-09-24 21:46:23', '2020-09-24 21:46:23'),
(424, 'NP305U1A', 1, 2, 2, 0, '2020-09-24 21:47:03', '2020-09-24 21:47:03'),
(425, 'R70', 1, 2, 2, 0, '2020-09-24 21:47:05', '2020-09-24 21:47:05'),
(426, 'Q330', 1, 2, 2, 0, '2020-09-24 21:47:10', '2020-09-24 21:47:10'),
(427, 'NP370R5E', 1, 2, 2, 0, '2020-09-24 21:47:13', '2020-09-24 21:47:13'),
(428, 'NP300E4A', 1, 2, 2, 0, '2020-09-24 21:47:24', '2020-09-24 21:47:24'),
(429, 'NP870Z5E', 1, 2, 2, 0, '2020-09-24 21:47:28', '2020-09-24 21:47:28'),
(430, 'NP3004A-', 1, 2, 2, 0, '2020-09-24 21:47:34', '2020-09-24 21:47:34'),
(431, 'N150', 1, 2, 2, 0, '2020-09-24 21:47:42', '2020-09-24 21:47:42'),
(432, 'NP510R5E', 1, 2, 2, 0, '2020-09-24 21:47:49', '2020-09-24 21:47:49'),
(433, 'NC10', 1, 2, 2, 0, '2020-09-24 21:48:13', '2020-09-24 21:48:13'),
(434, 'R440', 1, 2, 2, 0, '2020-09-24 21:48:16', '2020-09-24 21:48:16'),
(435, 'NP300ESE', 1, 2, 2, 0, '2020-09-24 21:48:20', '2020-09-24 21:48:20'),
(436, 'R470', 1, 2, 2, 0, '2020-09-24 21:48:23', '2020-09-24 21:48:23'),
(437, 'NP370R4E', 1, 2, 2, 0, '2020-09-24 21:48:26', '2020-09-24 21:48:26'),
(438, 'ZE7', 1, 2, 2, 0, '2020-09-24 21:48:38', '2020-09-24 21:48:38'),
(439, 'BASIC B11W', 1, 2, 2, 0, '2020-09-24 21:48:51', '2020-09-24 21:48:51'),
(440, 'VIVID V21W-S', 1, 2, 2, 0, '2020-09-24 21:48:55', '2020-09-24 21:48:55'),
(441, 'W310CZ', 1, 2, 2, 0, '2020-09-24 21:48:59', '2020-09-24 21:48:59'),
(442, 'C4500', 1, 2, 2, 0, '2020-09-24 21:49:01', '2020-09-24 21:49:01'),
(443, 'W510TU', 1, 2, 2, 0, '2020-09-24 21:49:05', '2020-09-24 21:49:05'),
(444, 'W210CU', 1, 2, 2, 0, '2020-09-24 21:49:07', '2020-09-24 21:49:07'),
(445, 'BASIC B3220', 1, 2, 2, 0, '2020-09-24 21:49:13', '2020-09-24 21:50:13'),
(446, 'BASIC B11L', 1, 2, 2, 0, '2020-09-24 21:49:17', '2020-09-24 21:49:17'),
(447, 'BASIC B3230', 1, 2, 2, 0, '2020-09-24 21:49:57', '2020-09-24 21:49:57'),
(448, 'W130', 1, 2, 2, 0, '2020-09-24 21:50:29', '2020-09-24 21:50:29'),
(449, 'GS43VR', 1, 2, 2, 0, '2020-09-24 21:53:18', '2020-09-24 21:53:18'),
(450, 'GS63 GS63', 1, 2, 2, 0, '2020-09-24 21:53:23', '2020-09-24 21:53:23'),
(451, 'GS70', 1, 2, 2, 0, '2020-09-24 21:53:27', '2020-09-24 21:53:27'),
(452, 'MS-1452', 1, 2, 2, 0, '2020-09-24 21:53:36', '2020-09-24 21:53:36'),
(453, 'MS-146J6', 1, 2, 2, 0, '2020-09-24 21:53:39', '2020-09-24 21:53:39'),
(454, 'WIND U135DX', 1, 2, 2, 0, '2020-09-24 21:53:43', '2020-09-24 21:53:43'),
(455, 'MS-14A1', 1, 2, 2, 0, '2020-09-24 21:53:46', '2020-09-24 21:53:46'),
(456, 'GS40', 1, 2, 2, 0, '2020-09-24 21:53:50', '2020-09-24 21:53:50'),
(457, 'MS-16H5', 1, 2, 2, 0, '2020-09-24 21:53:55', '2020-09-24 21:53:55'),
(458, 'GS63VR', 1, 2, 2, 0, '2020-09-24 21:53:57', '2020-09-24 21:53:57'),
(459, 'SURFACE PRO 2017', 1, 2, 2, 0, '2020-09-24 21:54:42', '2020-09-24 21:54:42'),
(460, 'SURFACE 4', 1, 2, 2, 0, '2020-09-24 21:54:46', '2020-09-24 21:54:46'),
(461, 'SURFACE PRO 4', 1, 2, 2, 0, '2020-09-24 21:55:03', '2020-09-24 21:55:03'),
(462, 'SURFACE PRO 1796', 1, 2, 2, 0, '2020-09-24 21:55:14', '2020-09-24 21:55:14'),
(463, 'SURFACE BOOK 1507', 1, 2, 2, 0, '2020-09-24 21:55:20', '2020-09-24 21:55:20'),
(464, 'R410', 1, 2, 2, 0, '2020-09-24 21:55:31', '2020-09-24 21:55:31'),
(465, 'R480', 1, 2, 2, 0, '2020-09-24 21:55:33', '2020-09-24 21:55:33'),
(466, 'LE50', 1, 2, 2, 0, '2020-09-24 21:55:37', '2020-09-24 21:55:37'),
(467, 'G485', 1, 2, 2, 0, '2020-09-24 21:55:52', '2020-09-24 21:55:52'),
(468, 'G510', 1, 2, 2, 0, '2020-09-24 21:55:54', '2020-09-24 21:55:54'),
(469, 'ASPIRE A315-51', 1, 4, 4, 0, '2020-09-25 21:35:36', '2020-09-25 21:35:36'),
(470, 'ASPIRE 5', 1, 4, 4, 0, '2020-09-25 21:35:46', '2020-09-25 21:35:46'),
(471, 'ASPIRE 5510', 1, 4, 4, 0, '2020-09-25 21:35:53', '2020-09-25 21:35:53'),
(472, 'ASPIRE E1-470', 1, 4, 4, 0, '2020-09-25 21:35:59', '2020-09-25 21:35:59'),
(473, 'ASPIRE E1-522', 1, 4, 4, 0, '2020-09-25 21:36:04', '2020-09-25 21:36:04'),
(474, 'ASPIRE E1-572', 1, 4, 4, 0, '2020-09-25 21:36:23', '2020-09-25 21:36:23'),
(475, 'ASPIRE ES-15', 1, 4, 4, 0, '2020-09-25 21:36:56', '2020-09-25 21:36:56'),
(476, 'ASPIRE F5-573G', 1, 4, 4, 0, '2020-09-25 21:37:02', '2020-09-25 21:37:02'),
(477, 'ASPIRE M5-481T', 1, 4, 4, 0, '2020-09-25 21:37:16', '2020-09-25 21:37:16'),
(478, 'ASPIRE ONE 14-Z1401', 1, 4, 4, 0, '2020-09-25 21:37:26', '2020-09-25 21:37:26'),
(479, 'ASPIRE ONE C710', 1, 4, 4, 0, '2020-09-25 21:37:32', '2020-09-25 21:37:32'),
(480, 'ASPIRE V5-ZHG', 1, 4, 4, 0, '2020-09-25 21:38:40', '2020-09-25 21:38:40'),
(481, 'ASPIRE VN7-5916', 1, 4, 4, 0, '2020-09-25 21:38:46', '2020-09-25 21:38:46'),
(482, 'TRAVELMATE P236M', 1, 4, 4, 0, '2020-09-25 21:38:51', '2020-09-25 21:38:51'),
(483, 'TRAVELMATE P256M', 1, 4, 4, 0, '2020-09-25 21:38:57', '2020-09-25 21:38:57'),
(484, 'ASPIRE ES1-512', 1, 4, 4, 0, '2020-09-25 21:39:03', '2020-09-25 21:39:03'),
(485, 'ASPIRE 3-A315-41', 1, 4, 4, 0, '2020-09-25 21:39:11', '2020-09-25 21:39:11'),
(486, 'SWIFT 314-54G', 1, 4, 4, 0, '2020-09-25 21:39:17', '2020-09-25 21:39:17'),
(487, 'TRAVELMATE TM633', 1, 4, 4, 0, '2020-09-25 21:39:22', '2020-09-25 21:39:22'),
(488, 'ASPIRE 4755G', 1, 4, 4, 0, '2020-09-25 21:39:34', '2020-09-25 21:39:34'),
(489, 'ASPIRE G5-473', 1, 4, 4, 0, '2020-09-25 21:39:49', '2020-09-25 21:39:49'),
(490, 'ASPIRE 3', 1, 4, 4, 0, '2020-09-25 21:40:00', '2020-09-25 21:40:00'),
(491, 'ASPIRE V5 SERIES', 1, 4, 4, 0, '2020-09-25 21:40:20', '2020-09-25 21:40:20'),
(492, 'ASPIRE ES1-572', 1, 4, 4, 0, '2020-09-25 21:40:25', '2020-09-25 21:40:25'),
(493, 'ASPIRE ES1-111-C53P', 1, 4, 4, 0, '2020-09-25 21:40:30', '2020-09-25 21:40:30'),
(494, 'ASPIRE V15 NITRO', 1, 4, 4, 0, '2020-09-25 21:40:35', '2020-09-25 21:40:35'),
(495, 'ASPIRE V5-471G', 1, 4, 4, 0, '2020-09-25 21:40:41', '2020-09-25 21:40:41'),
(496, 'ASPIRE R3-471', 1, 4, 4, 0, '2020-09-25 21:40:46', '2020-09-25 21:40:46'),
(497, 'TRAVELMATE P2510', 1, 4, 4, 0, '2020-09-25 21:40:51', '2020-09-25 21:40:51'),
(498, 'ASPIRE A315-53', 1, 4, 4, 0, '2020-09-25 21:40:55', '2020-09-25 21:40:55'),
(499, 'ASPIRE 3-A315-5', 1, 4, 4, 0, '2020-09-25 21:41:02', '2020-09-25 21:41:02'),
(500, 'ASPIRE 3-A315-41-R45R', 1, 4, 4, 0, '2020-09-25 21:41:11', '2020-09-25 21:41:11'),
(501, 'ASPIRE E1-421', 1, 4, 4, 0, '2020-09-25 21:41:18', '2020-09-25 21:41:18'),
(502, 'ASPIRE 4810T', 1, 4, 4, 0, '2020-09-25 21:41:24', '2020-09-25 21:41:24'),
(503, 'ASPIRE ES1-132', 1, 4, 4, 0, '2020-09-25 21:41:28', '2020-09-25 21:41:28'),
(504, 'ASPIRE E5-471G', 1, 4, 4, 0, '2020-09-25 21:41:33', '2020-09-25 21:41:33'),
(505, 'ASPIRE 4736Z', 1, 4, 4, 0, '2020-09-25 21:41:38', '2020-09-25 21:41:38'),
(506, 'ASPIRE A315-3-59PF', 1, 4, 4, 0, '2020-09-25 21:41:49', '2020-09-25 21:41:49'),
(507, 'ASPIRE V3-372', 1, 4, 4, 0, '2020-09-25 21:41:54', '2020-09-25 21:41:54'),
(508, 'ASPIRE ONE 11', 1, 4, 4, 0, '2020-09-25 21:41:59', '2020-09-25 21:41:59'),
(509, 'ASPIRE V5-431', 1, 4, 4, 0, '2020-09-25 21:42:04', '2020-09-25 21:42:04'),
(510, 'ASPIRE A315', 1, 4, 4, 0, '2020-09-25 21:42:12', '2020-09-25 21:42:12'),
(511, 'ASPIRE E5-522', 1, 4, 4, 0, '2020-09-25 21:42:18', '2020-09-25 21:42:18'),
(512, 'ASPIRE SWITCH 10E', 1, 4, 4, 0, '2020-09-25 21:42:26', '2020-09-25 21:42:26'),
(513, 'ASPIRE ES1-433', 1, 4, 4, 0, '2020-09-25 21:42:31', '2020-09-25 21:42:31'),
(514, 'ASPIRE 4750', 1, 4, 4, 0, '2020-09-25 21:42:39', '2020-09-25 21:42:39'),
(515, 'ASPIRE 3-A315', 1, 4, 4, 0, '2020-09-25 21:42:50', '2020-09-25 21:42:50'),
(516, 'ASPIRE ES1-332', 1, 4, 4, 0, '2020-09-25 21:42:56', '2020-09-25 21:42:56'),
(517, 'ASPIRE V5-473P', 1, 4, 4, 0, '2020-09-25 21:43:14', '2020-09-25 21:43:14'),
(518, 'M11X', 1, 4, 4, 0, '2020-09-25 21:43:59', '2020-09-25 21:43:59'),
(519, 'MACBOOK A1342', 1, 4, 4, 0, '2020-09-25 21:44:32', '2020-09-25 21:44:32'),
(520, 'MACBOOK PRO A1398', 1, 4, 4, 0, '2020-09-25 21:44:37', '2020-09-25 21:44:37'),
(521, 'MACBOOK AIR A1370', 1, 4, 4, 0, '2020-09-25 21:44:42', '2020-09-25 21:44:42'),
(522, 'MACBOOK PRO A1502', 1, 4, 4, 0, '2020-09-25 21:44:47', '2020-09-25 21:44:47'),
(523, 'MACBOOK PRO A1286', 1, 4, 4, 0, '2020-09-25 21:44:52', '2020-09-25 21:44:52'),
(524, 'MACBOOK PRO A1278', 1, 4, 4, 0, '2020-09-25 21:44:57', '2020-09-25 21:44:57'),
(525, 'MACBOOK AIR A1369', 1, 4, 4, 0, '2020-09-25 21:45:03', '2020-09-25 21:45:03'),
(526, 'MACBOOK PRO A1708', 1, 4, 4, 0, '2020-09-25 21:45:08', '2020-09-25 21:45:08'),
(527, 'MACBOOK AIR A1465', 1, 4, 4, 0, '2020-09-25 21:45:19', '2020-09-25 21:45:19'),
(528, 'A46C', 1, 4, 4, 0, '2020-09-25 21:47:51', '2020-09-25 21:47:51'),
(529, 'A53F', 1, 4, 4, 0, '2020-09-25 21:47:56', '2020-09-25 21:47:56'),
(530, 'EEEBOOK X205TA', 1, 4, 4, 0, '2020-09-25 21:48:01', '2020-09-25 21:48:01'),
(531, 'EEEPC 1215B', 1, 4, 4, 0, '2020-09-25 21:48:06', '2020-09-25 21:48:06'),
(532, 'FX502V', 1, 4, 4, 0, '2020-09-25 21:48:21', '2020-09-25 21:48:21'),
(533, 'K55VJ', 1, 4, 4, 0, '2020-09-25 21:48:26', '2020-09-25 21:48:26'),
(534, 'TP300', 1, 4, 4, 0, '2020-09-25 21:48:31', '2020-09-25 21:48:31'),
(535, 'TRANSFORMER BOOK FLIP TP200S', 1, 4, 4, 0, '2020-09-25 21:48:35', '2020-09-25 21:48:35'),
(536, 'VIVOBOOK Q220E', 1, 4, 4, 0, '2020-09-25 21:48:41', '2020-09-25 21:48:41'),
(537, 'X102BA', 1, 4, 4, 0, '2020-09-25 21:48:47', '2020-09-25 21:48:47'),
(538, 'X200M', 1, 4, 4, 0, '2020-09-26 13:27:07', '2020-09-26 13:27:07'),
(539, 'X44L', 1, 4, 4, 0, '2020-09-26 13:27:13', '2020-09-26 13:27:13'),
(540, 'X450', 1, 4, 4, 0, '2020-09-26 13:27:18', '2020-09-26 13:27:18'),
(541, 'X452L', 1, 4, 4, 0, '2020-09-26 13:27:24', '2020-09-26 13:27:24'),
(542, 'X550DP', 1, 4, 4, 0, '2020-09-26 13:27:29', '2020-09-26 13:27:29'),
(543, 'FX553VD', 1, 4, 4, 0, '2020-09-26 13:27:34', '2020-09-26 13:27:34'),
(544, 'X553MA', 1, 4, 4, 0, '2020-09-26 13:27:55', '2020-09-26 13:27:55'),
(545, 'X556U', 1, 4, 4, 0, '2020-09-26 13:28:00', '2020-09-26 13:28:00'),
(546, 'K43SV', 1, 4, 4, 0, '2020-09-26 13:28:05', '2020-09-26 13:28:05'),
(547, 'ROG G771J', 1, 4, 4, 0, '2020-09-26 13:28:11', '2020-09-26 13:28:11'),
(548, 'X452MA', 1, 4, 4, 0, '2020-09-26 13:28:23', '2020-09-26 13:28:23'),
(549, 'X54H', 1, 4, 4, 0, '2020-09-26 13:28:28', '2020-09-26 13:28:28'),
(550, 'K556UR', 1, 4, 4, 0, '2020-09-26 13:28:33', '2020-09-26 13:28:33'),
(551, 'X550L', 1, 4, 4, 0, '2020-09-26 13:28:38', '2020-09-26 13:28:38'),
(552, 'ROG G751JT', 1, 4, 4, 0, '2020-09-26 13:28:43', '2020-09-26 13:28:43'),
(553, 'X201E', 1, 4, 4, 0, '2020-09-26 13:28:48', '2020-09-26 13:28:48'),
(554, 'Q303', 1, 4, 4, 0, '2020-09-26 13:28:53', '2020-09-26 13:28:53'),
(555, 'F200MA', 1, 4, 4, 0, '2020-09-26 13:28:58', '2020-09-26 13:28:58'),
(556, 'ROG G501JW', 1, 4, 4, 0, '2020-09-26 13:29:03', '2020-09-26 13:29:03'),
(557, 'X441S', 1, 4, 4, 0, '2020-09-26 13:31:12', '2020-09-26 13:31:12'),
(558, 'X550', 1, 4, 4, 0, '2020-09-26 13:31:18', '2020-09-26 13:31:18'),
(559, 'X450L', 1, 4, 4, 0, '2020-09-26 13:31:22', '2020-09-26 13:31:22'),
(560, 'X541UV', 1, 4, 4, 0, '2020-09-26 13:31:28', '2020-09-26 13:31:28'),
(561, 'VIVOBOOK FLIP TP301UA', 1, 4, 4, 0, '2020-09-26 13:35:57', '2020-09-26 13:35:57'),
(562, 'K555U', 1, 4, 4, 0, '2020-09-26 13:36:03', '2020-09-26 13:36:03'),
(563, 'VIVOBOOK X456U', 1, 4, 4, 0, '2020-09-26 13:36:07', '2020-09-26 13:36:07'),
(564, 'X542U', 1, 4, 4, 0, '2020-09-26 13:36:12', '2020-09-26 13:36:12'),
(565, 'EEEBOK E202S', 1, 4, 4, 0, '2020-09-26 13:36:17', '2020-09-26 13:36:17'),
(566, 'UX430U', 1, 4, 4, 0, '2020-09-26 13:36:22', '2020-09-26 13:36:22'),
(567, 'UC30', 1, 4, 4, 0, '2020-09-26 13:36:46', '2020-09-26 13:36:46'),
(568, 'X451CA', 1, 4, 4, 0, '2020-09-26 13:36:59', '2020-09-26 13:36:59'),
(569, 'ZENBOOK UX31A', 1, 4, 4, 0, '2020-09-26 13:37:04', '2020-09-26 13:37:04'),
(570, 'ZENBOOK PRO UX501VW', 1, 4, 4, 0, '2020-09-26 13:37:09', '2020-09-26 13:37:26'),
(571, 'VIVOBOOK X540', 1, 4, 4, 0, '2020-09-26 13:37:59', '2020-09-26 13:37:59'),
(572, 'VIVOBOOK E203M', 1, 4, 4, 0, '2020-09-26 13:38:11', '2020-09-26 13:38:11'),
(573, 'X200CA', 1, 4, 4, 0, '2020-09-26 13:38:15', '2020-09-26 13:38:15'),
(574, 'X407MA', 1, 4, 4, 0, '2020-09-26 13:38:19', '2020-09-26 13:38:19'),
(575, 'X453M', 1, 4, 4, 0, '2020-09-26 13:38:23', '2020-09-26 13:38:23'),
(576, 'X540U', 1, 4, 4, 0, '2020-09-26 13:38:26', '2020-09-26 13:38:26'),
(577, 'X454L', 1, 4, 4, 0, '2020-09-26 13:38:29', '2020-09-26 13:38:29'),
(578, 'X4553S', 1, 4, 4, 0, '2020-09-26 13:38:32', '2020-09-26 13:38:32'),
(579, 'X541N', 1, 4, 4, 0, '2020-09-26 13:38:35', '2020-09-26 13:38:35'),
(580, 'X541U', 1, 4, 4, 0, '2020-09-26 13:38:38', '2020-09-26 13:38:38'),
(581, 'X441U', 1, 4, 4, 0, '2020-09-26 13:38:42', '2020-09-26 13:38:42'),
(582, 'X441N', 1, 4, 4, 0, '2020-09-26 13:38:44', '2020-09-26 13:38:44'),
(583, 'X407M', 1, 4, 4, 0, '2020-09-26 13:38:47', '2020-09-26 13:38:47'),
(584, 'X751L', 1, 4, 4, 0, '2020-09-26 13:38:50', '2020-09-26 13:38:50'),
(585, 'K42JC', 1, 4, 4, 0, '2020-09-26 13:38:54', '2020-09-26 13:38:54'),
(586, 'VIVOBOOK S400CA', 1, 4, 4, 0, '2020-09-26 13:38:57', '2020-09-26 13:38:57'),
(587, 'X455L', 1, 4, 4, 0, '2020-09-26 13:39:05', '2020-09-26 13:39:05'),
(588, 'X442U', 1, 4, 4, 0, '2020-09-26 13:39:09', '2020-09-26 13:39:09'),
(589, 'UX32L', 1, 4, 4, 0, '2020-09-26 13:39:13', '2020-09-26 13:39:13'),
(590, 'X555L', 1, 4, 4, 0, '2020-09-26 13:39:17', '2020-09-26 13:39:17'),
(591, 'X453SA', 1, 4, 4, 0, '2020-09-26 13:39:19', '2020-09-26 13:39:19'),
(592, 'X407UV', 1, 4, 4, 0, '2020-09-26 13:39:23', '2020-09-26 13:39:23'),
(593, 'PRO 36S', 1, 4, 4, 0, '2020-09-26 13:39:26', '2020-09-26 13:39:26'),
(594, 'X550ZE', 1, 4, 4, 0, '2020-09-26 13:39:29', '2020-09-26 13:39:29'),
(595, 'X550D', 1, 4, 4, 0, '2020-09-26 13:39:33', '2020-09-26 13:39:33'),
(596, 'ROG G752V', 1, 4, 4, 0, '2020-09-26 13:39:35', '2020-09-26 13:39:35'),
(597, 'K550L', 1, 4, 4, 0, '2020-09-26 13:39:39', '2020-09-26 13:39:39'),
(598, 'TRANSFORMERBOOK T100T', 1, 4, 4, 0, '2020-09-26 13:39:46', '2020-09-26 13:39:46'),
(599, 'K55VD', 1, 4, 4, 0, '2020-09-26 13:39:49', '2020-09-26 13:39:49'),
(600, 'ROG GL552V', 1, 4, 4, 0, '2020-09-26 13:39:52', '2020-09-26 13:39:52'),
(601, 'K501L', 1, 4, 4, 0, '2020-09-26 13:40:00', '2020-09-26 13:40:00'),
(602, 'VIVOBOOK X202E', 1, 4, 4, 0, '2020-09-26 13:40:04', '2020-09-26 13:40:04'),
(603, 'EEEPC 1015PX', 1, 4, 4, 0, '2020-09-26 13:40:08', '2020-09-26 13:40:08'),
(604, 'N550JV', 1, 4, 4, 0, '2020-09-26 13:40:10', '2020-09-26 13:40:10'),
(605, 'FX505', 1, 4, 4, 0, '2020-09-26 13:40:16', '2020-09-26 13:40:16'),
(606, 'X540SA', 1, 4, 4, 0, '2020-09-26 13:40:18', '2020-09-26 13:40:18'),
(607, 'PRESARIO CQ61', 1, 4, 4, 0, '2020-09-26 13:40:39', '2020-09-26 13:40:39'),
(608, 'PRESARIO V37000', 1, 4, 4, 0, '2020-09-26 13:42:58', '2020-09-26 13:42:58'),
(609, 'PRESARIO CQ43', 1, 4, 4, 0, '2020-09-26 13:43:05', '2020-09-26 13:43:05'),
(610, 'INSPIRON 11-3147', 1, 4, 4, 0, '2020-09-26 13:43:28', '2020-09-26 13:43:28'),
(611, 'INSPIRON 13-Z53230', 1, 4, 4, 0, '2020-09-26 13:43:35', '2020-09-26 13:43:35'),
(612, 'INSPIRON 14Z-5423', 1, 4, 4, 0, '2020-09-26 13:43:44', '2020-09-26 13:43:44'),
(613, 'INSPIRON 14-5447', 1, 4, 4, 0, '2020-09-26 13:43:47', '2020-09-26 13:43:47'),
(614, 'INSPIRON 15-3537', 1, 4, 4, 0, '2020-09-26 13:43:51', '2020-09-26 13:43:51'),
(615, 'INSPIRON 15-3551', 1, 4, 4, 0, '2020-09-26 13:43:55', '2020-09-26 13:43:55'),
(616, 'INSPIRON 1764', 1, 4, 4, 0, '2020-09-26 13:43:58', '2020-09-26 13:43:58'),
(617, 'XPS 15-9560', 1, 4, 4, 0, '2020-09-26 13:44:17', '2020-09-26 13:44:17'),
(618, 'INSPIRON N5030', 1, 4, 4, 0, '2020-09-26 13:44:21', '2020-09-26 13:44:21'),
(619, 'LATITUDE E4310', 1, 4, 4, 0, '2020-09-26 13:47:53', '2020-09-26 13:47:53'),
(620, 'LATITUDE 3460', 1, 4, 4, 0, '2020-09-26 13:47:55', '2020-09-26 13:47:55'),
(621, 'XPS 13-9350', 1, 4, 4, 0, '2020-09-26 13:48:08', '2020-09-26 13:48:08'),
(622, 'INSPIRON 15-5545', 1, 4, 4, 0, '2020-09-26 13:48:15', '2020-09-26 13:48:15'),
(623, 'XPS P45G', 1, 4, 4, 0, '2020-09-26 13:48:19', '2020-09-26 13:48:19'),
(624, 'VOSTRO 14', 1, 4, 4, 0, '2020-09-26 13:48:29', '2020-09-26 13:48:29'),
(625, 'INSPIRON 15-7566', 1, 4, 4, 0, '2020-09-26 13:48:32', '2020-09-26 13:48:32'),
(626, 'INSPIRON 15-5547', 1, 4, 4, 0, '2020-09-26 13:48:36', '2020-09-26 13:48:36'),
(627, 'INSPIRON 15-7567', 1, 4, 4, 0, '2020-09-26 13:48:52', '2020-09-26 13:48:52'),
(628, 'INSPIRON 14-7447', 1, 4, 4, 0, '2020-09-26 13:49:05', '2020-09-26 13:49:05'),
(629, 'INSPIRON 13-7347', 1, 4, 4, 0, '2020-09-26 13:49:08', '2020-09-26 13:49:08'),
(630, 'LATITUDE E7440', 1, 4, 4, 0, '2020-09-26 13:49:17', '2020-09-26 13:49:17'),
(631, 'INSPIRON P20T', 1, 4, 4, 0, '2020-09-26 13:49:23', '2020-09-26 13:49:23'),
(632, 'INSPIRON 14-3420', 1, 4, 4, 0, '2020-09-26 13:49:25', '2020-09-26 13:49:25'),
(633, 'INSPIRON 15-3541', 1, 4, 4, 0, '2020-09-26 13:49:30', '2020-09-26 13:49:30'),
(634, 'INSPIRON 14-7460', 1, 4, 4, 0, '2020-09-26 13:49:35', '2020-09-26 13:49:35'),
(635, 'INSPIRON 14-3421', 1, 4, 4, 0, '2020-09-26 13:49:47', '2020-09-26 13:49:47'),
(636, 'INSPIRON 13-5378', 1, 4, 4, 0, '2020-09-26 13:49:53', '2020-09-26 13:49:53'),
(637, 'INSPIRON 15-5568', 1, 4, 4, 0, '2020-09-26 13:50:00', '2020-09-26 13:50:00'),
(638, 'INSPIRON 13-7000', 1, 4, 4, 0, '2020-09-26 13:50:07', '2020-09-26 13:50:07'),
(639, 'INSPIRON 15-7000', 1, 4, 4, 0, '2020-09-26 13:50:13', '2020-09-26 13:50:13'),
(640, 'INSPIRON 14-3441', 1, 4, 4, 0, '2020-09-26 13:50:20', '2020-09-26 13:50:20'),
(641, 'INSPIRON 15-5000', 1, 4, 4, 0, '2020-09-26 13:56:52', '2020-09-26 13:56:52'),
(642, 'INSPIRON 15-5567', 1, 4, 4, 0, '2020-09-26 13:56:55', '2020-09-26 13:56:55'),
(643, 'INSPIRON 14-5442', 1, 4, 4, 0, '2020-09-26 13:57:01', '2020-09-26 13:57:01'),
(644, 'INSPIRON 13-5368', 1, 4, 4, 0, '2020-09-26 13:57:05', '2020-09-26 13:57:05'),
(645, 'INSPIRON 14-3000', 1, 4, 4, 0, '2020-09-26 13:57:07', '2020-09-26 13:57:07'),
(646, 'LATITUDE E6440', 1, 4, 4, 0, '2020-09-26 13:57:11', '2020-09-26 13:57:11'),
(647, 'INSPIRON 14-N4050', 1, 4, 4, 0, '2020-09-26 13:57:13', '2020-09-26 13:57:13'),
(648, 'LATITUDE E7270', 1, 4, 4, 0, '2020-09-26 13:57:16', '2020-09-26 13:57:16'),
(649, 'INSPIRON 15-3521', 1, 4, 4, 0, '2020-09-26 13:57:20', '2020-09-26 13:57:20'),
(650, 'INSPIRON 15', 1, 4, 4, 0, '2020-09-26 13:57:23', '2020-09-26 13:57:23');
INSERT INTO `models` (`id`, `description`, `status`, `created_by`, `last_updated_by`, `logdel`, `created_at`, `updated_at`) VALUES
(651, 'LATITUDE E6430', 1, 4, 4, 0, '2020-09-26 13:57:27', '2020-09-26 13:57:27'),
(652, 'P64G', 1, 4, 4, 0, '2020-09-26 13:57:31', '2020-09-26 13:57:31'),
(653, 'INSPIRON 15-7559', 1, 4, 4, 0, '2020-09-26 13:58:03', '2020-09-26 13:58:03'),
(654, 'INSPIRON 14', 1, 4, 4, 0, '2020-09-26 14:03:36', '2020-09-26 14:03:36'),
(655, 'CHROME 11', 1, 4, 4, 0, '2020-09-26 14:03:48', '2020-09-26 14:03:48'),
(656, 'INSPIRON 11-3000', 1, 4, 4, 0, '2020-09-26 14:03:51', '2020-09-26 14:03:51'),
(657, 'INSPIRON 1012', 1, 4, 4, 0, '2020-09-26 14:03:53', '2020-09-26 14:03:53'),
(658, 'INSPIRON 14-3481', 1, 4, 4, 0, '2020-09-26 14:03:57', '2020-09-26 14:03:57'),
(659, 'INSPIRON 13-P57G', 1, 4, 4, 0, '2020-09-26 14:04:00', '2020-09-26 14:04:00'),
(660, 'INSPIRON 15 P40F', 1, 4, 4, 0, '2020-09-26 14:04:04', '2020-09-26 14:04:04'),
(661, 'INSPIRON 14-3442', 1, 4, 4, 0, '2020-09-26 14:04:08', '2020-09-26 14:04:08'),
(662, 'XPS 15-9550', 1, 4, 4, 0, '2020-09-26 14:04:11', '2020-09-26 14:04:11'),
(663, 'D729', 1, 4, 4, 0, '2020-09-26 14:04:25', '2020-09-26 14:04:25'),
(664, 'LT40', 1, 4, 4, 0, '2020-09-26 14:04:40', '2020-09-26 14:04:40'),
(665, 'Q120C', 1, 4, 4, 0, '2020-09-26 14:04:51', '2020-09-26 14:04:51'),
(666, 'IDEAPAD G405', 1, 4, 4, 0, '2020-09-26 14:05:03', '2020-09-26 14:05:03'),
(667, 'IDEAPAD 100-14IBY', 1, 4, 4, 0, '2020-09-26 14:05:06', '2020-09-26 14:05:06'),
(668, 'IDEAPAD 110-14ISK', 1, 4, 4, 0, '2020-09-26 14:05:10', '2020-09-26 14:05:23'),
(669, 'IDEAPAD 110-145AC6', 1, 4, 4, 0, '2020-09-26 14:05:35', '2020-09-26 14:05:35'),
(670, 'IDEAPAD 110-15AST', 1, 4, 4, 0, '2020-09-26 14:05:50', '2020-09-26 14:05:50'),
(671, 'IDEAPAD 310-15ISK', 1, 4, 4, 0, '2020-09-26 14:05:54', '2020-09-26 14:05:54'),
(672, 'IDEAPAD B470E', 1, 4, 4, 0, '2020-09-26 14:05:56', '2020-09-26 14:05:56'),
(673, 'IDEAPAD G480', 1, 4, 4, 0, '2020-09-26 14:06:01', '2020-09-26 14:06:01'),
(674, 'IDEAPAD S10', 1, 4, 4, 0, '2020-09-26 14:06:03', '2020-09-26 14:06:03'),
(675, 'IDEAPAD S10-2', 1, 4, 4, 0, '2020-09-26 14:11:16', '2020-09-26 14:11:16'),
(676, 'IDEAPAD U430', 1, 4, 4, 0, '2020-09-26 14:11:18', '2020-09-26 14:11:18'),
(677, 'IDEAPAD Z460', 1, 4, 4, 0, '2020-09-26 14:11:31', '2020-09-26 14:11:31'),
(678, 'IDEAPAD Y700', 1, 4, 4, 0, '2020-09-26 14:11:41', '2020-09-26 14:11:41'),
(679, 'IDEAPAD Z470', 1, 4, 4, 0, '2020-09-26 14:11:46', '2020-09-26 14:11:46'),
(680, 'LEGION Y410', 1, 4, 4, 0, '2020-09-26 14:11:56', '2020-09-26 14:11:56'),
(681, 'LEGION Y520', 1, 4, 4, 0, '2020-09-26 14:12:04', '2020-09-26 14:12:04'),
(682, 'THINKPAD E430', 1, 4, 4, 0, '2020-09-26 14:12:06', '2020-09-26 14:12:06'),
(683, 'THINKPAD E570', 1, 4, 4, 0, '2020-09-26 14:12:09', '2020-09-26 14:12:09'),
(684, 'THINKPAD T430', 1, 4, 4, 0, '2020-09-26 14:12:17', '2020-09-26 14:12:17'),
(685, 'THINKPAD EDGE E420', 1, 4, 4, 0, '2020-09-26 14:12:26', '2020-09-26 14:12:26'),
(686, 'IDEAPAD Y40-80', 1, 4, 4, 0, '2020-09-26 14:12:28', '2020-09-26 14:12:28'),
(687, 'IDEAPAD 320-14IBD', 1, 4, 4, 0, '2020-09-26 14:12:31', '2020-09-26 14:12:31'),
(688, 'IDEAPAD Z370', 1, 4, 4, 0, '2020-09-26 14:12:38', '2020-09-26 14:12:38'),
(689, 'IDEAPAD G50-30', 1, 4, 4, 0, '2020-09-26 14:12:41', '2020-09-26 14:12:41'),
(690, 'IDEAPAD 330-14', 1, 4, 4, 0, '2020-09-26 14:12:43', '2020-09-26 14:12:43'),
(691, 'THINKPAD T450', 1, 4, 4, 0, '2020-09-26 14:12:47', '2020-09-26 14:12:47'),
(692, 'IDEAPAD G50-70', 1, 4, 4, 0, '2020-09-26 14:12:50', '2020-09-26 14:12:50'),
(693, 'THINKPAD E450', 1, 4, 4, 0, '2020-09-26 14:12:54', '2020-09-26 14:12:54'),
(694, 'THINKPAD T410', 1, 4, 4, 0, '2020-09-26 14:12:56', '2020-09-26 14:12:56'),
(695, 'IDEAPAD G50-80', 1, 4, 4, 0, '2020-09-26 14:13:06', '2020-09-26 14:13:06'),
(696, 'IDEAPAD 310', 1, 4, 4, 0, '2020-09-26 14:13:08', '2020-09-26 14:13:08'),
(697, 'THINKPAD T431S', 1, 4, 4, 0, '2020-09-26 14:13:16', '2020-09-26 14:13:16'),
(698, 'IDEAPAD 320-14AST', 1, 4, 4, 0, '2020-09-26 14:13:19', '2020-09-26 14:13:19'),
(699, 'IDEAPAD S110', 1, 4, 4, 0, '2020-09-26 14:13:21', '2020-09-26 14:13:21'),
(700, 'IDEAPAD S10-3S', 1, 4, 4, 0, '2020-09-26 14:13:25', '2020-09-26 14:13:25'),
(701, 'THINKPAD X250', 1, 4, 4, 0, '2020-09-26 14:13:29', '2020-09-26 14:13:29'),
(702, 'V330-15IKB', 1, 4, 4, 0, '2020-09-26 14:13:32', '2020-09-26 14:13:32'),
(703, 'IDEAPAD 320-15IKB', 1, 4, 4, 0, '2020-09-26 14:13:35', '2020-09-26 14:13:35'),
(704, 'IDEAPAD 320-15ABR', 1, 4, 4, 0, '2020-09-26 14:13:40', '2020-09-26 14:13:40'),
(705, 'THINKPAD E440', 1, 4, 4, 0, '2020-09-26 14:13:44', '2020-09-26 14:13:44'),
(706, 'YOGA 310-11', 1, 4, 4, 0, '2020-09-26 14:13:47', '2020-09-26 14:13:47'),
(707, 'ESSENTIAL G460E', 1, 4, 4, 0, '2020-09-26 14:13:49', '2020-09-26 14:13:49'),
(708, 'IDEAPAD 110-15ISK', 1, 4, 4, 0, '2020-09-26 14:13:53', '2020-09-26 14:13:53'),
(709, 'THINKPAD X230', 1, 4, 4, 0, '2020-09-26 14:13:56', '2020-09-26 14:13:56'),
(710, 'IDEAPAD 110-14IKB', 1, 4, 4, 0, '2020-09-26 14:14:06', '2020-09-26 14:14:06'),
(711, 'FLEX 14', 1, 4, 4, 0, '2020-09-26 14:14:50', '2020-09-26 14:14:50'),
(712, 'IDEAPAD 500-18', 1, 4, 4, 0, '2020-09-26 14:14:59', '2020-09-26 14:14:59'),
(713, 'YOGA 3 PRO-1370', 1, 4, 4, 0, '2020-09-26 14:15:05', '2020-09-26 14:15:05'),
(714, 'IDEAPAD 100S-11IBY', 1, 4, 4, 0, '2020-09-26 14:15:08', '2020-09-26 14:15:08'),
(715, 'IDEAPAD G40', 1, 4, 4, 0, '2020-09-26 14:15:12', '2020-09-26 14:15:12'),
(716, 'IDEAPAD 320-14IAP', 1, 4, 4, 0, '2020-09-26 14:15:16', '2020-09-26 14:15:16'),
(717, 'IDEAPAD Z510', 1, 4, 4, 0, '2020-09-26 14:15:19', '2020-09-26 14:15:19'),
(718, 'IDEAPAD 110-15IBR', 1, 4, 4, 0, '2020-09-26 14:15:24', '2020-09-26 14:15:24'),
(719, 'IDEAPAD Y580', 1, 4, 4, 0, '2020-09-26 14:15:28', '2020-09-26 14:15:28'),
(720, 'IDEAPAD S100', 1, 4, 4, 0, '2020-09-26 14:15:35', '2020-09-26 14:15:35'),
(721, 'YOGA 510-14ISK', 1, 4, 4, 0, '2020-09-26 14:15:37', '2020-09-26 14:15:37'),
(722, 'IDEAPAD 110-14IBR', 1, 4, 4, 0, '2020-09-26 14:15:40', '2020-09-26 14:15:40'),
(723, 'THINKPAD T460S', 1, 4, 4, 0, '2020-09-26 14:15:47', '2020-09-26 14:15:47'),
(724, 'THINKPAD X240', 1, 4, 4, 0, '2020-09-26 14:15:50', '2020-09-26 14:15:50'),
(725, 'THINKPAD X201', 1, 4, 4, 0, '2020-09-26 14:16:04', '2020-09-26 14:16:04'),
(726, 'IDEAPAD 320-14IBR', 1, 4, 4, 0, '2020-09-26 14:16:08', '2020-09-26 14:16:08'),
(727, 'IDEAPAD G40-80', 1, 4, 4, 0, '2020-09-26 14:16:12', '2020-09-26 14:16:12'),
(728, 'IDEAPAD 10-141BR', 1, 4, 4, 0, '2020-09-26 14:16:15', '2020-09-26 14:16:15'),
(729, 'IDEAPAD 310-15IKB', 1, 4, 4, 0, '2020-09-26 14:16:19', '2020-09-26 14:16:19'),
(730, 'Z40-70', 1, 4, 4, 0, '2020-09-26 14:16:39', '2020-09-26 14:16:39'),
(731, 'IDEAPAD 100', 1, 4, 4, 0, '2020-09-26 14:16:43', '2020-09-26 14:16:43'),
(732, 'IDEAPAD B460', 1, 4, 4, 0, '2020-09-26 14:16:45', '2020-09-26 14:16:45'),
(733, 'G580', 1, 4, 4, 0, '2020-09-26 14:17:10', '2020-09-26 14:17:10'),
(734, 'THINKPAD T470', 1, 4, 4, 0, '2020-09-26 14:17:13', '2020-09-26 14:17:13'),
(735, 'IDEAPAD 120S-11AP', 1, 4, 4, 0, '2020-09-26 14:17:18', '2020-09-26 14:17:18'),
(736, 'IDEAPAD S410P', 1, 4, 4, 0, '2020-09-26 14:17:22', '2020-09-26 14:17:22'),
(737, 'IDEAPAD 100-14IBD', 1, 4, 4, 0, '2020-09-26 14:17:26', '2020-09-26 14:17:26'),
(738, 'IDEAPAD G400', 1, 4, 4, 0, '2020-09-26 14:17:29', '2020-09-26 14:17:29'),
(739, 'ESSENTIAL G470', 1, 4, 4, 0, '2020-09-26 14:18:05', '2020-09-26 14:18:05'),
(740, 'IDEAPAD G460', 1, 4, 4, 0, '2020-09-26 14:18:19', '2020-09-26 14:18:19'),
(741, 'IDEAPAD 320-14IKB', 1, 4, 4, 0, '2020-09-26 14:18:25', '2020-09-26 14:18:25'),
(742, 'YOGA 520-14', 1, 4, 4, 0, '2020-09-26 14:18:27', '2020-09-26 14:18:27'),
(743, 'IDEAPAD 320', 1, 4, 4, 0, '2020-09-26 14:18:33', '2020-09-26 14:18:33'),
(744, 'IDEAPAD 330-15ARR', 1, 4, 4, 0, '2020-09-26 14:18:35', '2020-09-26 14:18:35'),
(745, 'IDEAPAD 320-14ISK', 1, 4, 4, 0, '2020-09-26 14:18:39', '2020-09-26 14:18:39'),
(746, 'YOGA 310', 1, 4, 4, 0, '2020-09-26 14:18:45', '2020-09-26 14:18:45'),
(747, 'IDEAPAD 310-14IKB', 1, 4, 4, 0, '2020-09-26 14:21:21', '2020-09-26 14:21:21'),
(748, 'IDEAPAD 910-13IKB', 1, 4, 4, 0, '2020-09-26 14:21:24', '2020-09-26 14:21:24'),
(749, 'ESSENTIAL G40-30', 1, 4, 4, 0, '2020-09-26 14:21:47', '2020-09-26 14:21:47'),
(750, 'YOGA 300-11IBR', 1, 4, 4, 0, '2020-09-26 14:22:02', '2020-09-26 14:22:02'),
(751, 'THINKPAD E460', 1, 4, 4, 0, '2020-09-26 14:22:05', '2020-09-26 14:22:05'),
(752, 'IDEAPAD 300S-14IKB', 1, 4, 4, 0, '2020-09-26 14:22:10', '2020-09-26 14:22:10'),
(753, 'IDEAPAD Z50-70', 1, 4, 4, 0, '2020-09-26 14:23:31', '2020-09-26 14:23:31'),
(754, 'IDEAPAD G40-70', 1, 4, 4, 0, '2020-09-26 14:23:36', '2020-09-26 14:23:36'),
(755, 'THINKPAD X201I', 1, 4, 4, 0, '2020-09-26 14:23:45', '2020-09-26 14:23:45'),
(756, 'LEGION Y7000', 1, 4, 4, 0, '2020-09-26 14:23:48', '2020-09-26 14:23:48'),
(757, 'THINKPAD X1 CARBON', 1, 4, 4, 0, '2020-09-26 14:23:50', '2020-09-26 14:23:50'),
(758, 'FX420', 1, 4, 4, 0, '2020-09-26 14:24:06', '2020-09-26 14:24:06'),
(759, 'GE70', 1, 4, 4, 0, '2020-09-26 14:24:09', '2020-09-26 14:24:09'),
(760, 'GP72', 1, 4, 4, 0, '2020-09-26 14:24:12', '2020-09-26 14:24:12'),
(761, 'WIND U135', 1, 4, 4, 0, '2020-09-26 14:24:24', '2020-09-26 14:24:24'),
(762, 'MS-16H8', 1, 4, 4, 0, '2020-09-26 14:24:26', '2020-09-26 14:24:26'),
(763, 'GL72', 1, 4, 4, 0, '2020-09-26 14:24:33', '2020-09-26 14:24:33'),
(764, 'MS-16JB', 1, 4, 4, 0, '2020-09-26 14:24:42', '2020-09-26 14:24:42'),
(765, 'MS-16J9', 1, 4, 4, 0, '2020-09-26 14:24:44', '2020-09-26 14:24:44'),
(766, 'MS-16J5', 1, 4, 4, 0, '2020-09-26 14:24:48', '2020-09-26 14:24:48'),
(767, 'WIND U100', 1, 4, 4, 0, '2020-09-26 14:24:50', '2020-09-26 14:24:50'),
(768, 'NS100', 1, 4, 4, 0, '2020-09-26 14:25:03', '2020-09-26 14:25:03'),
(769, 'W840T', 1, 4, 4, 0, '2020-09-26 14:25:14', '2020-09-26 14:25:14'),
(770, 'NETBOOK M1110', 1, 4, 4, 0, '2020-09-26 14:25:17', '2020-09-26 14:25:17'),
(771, '82B382', 1, 4, 4, 0, '2020-09-26 14:25:22', '2020-09-26 14:25:22'),
(772, 'SATELITE C40-D', 1, 4, 4, 0, '2020-09-26 14:25:52', '2020-09-26 14:25:52'),
(773, 'SATELLITE C40D-B', 1, 4, 4, 0, '2020-09-26 14:26:09', '2020-09-26 14:26:09'),
(774, 'SATELLITE C75D-A7130', 1, 4, 4, 0, '2020-09-26 14:26:19', '2020-09-26 14:26:19'),
(775, 'SATELLITE L400-A', 1, 4, 4, 0, '2020-09-26 14:26:26', '2020-09-26 14:26:26'),
(776, 'SATELLITE M840', 1, 4, 4, 0, '2020-09-26 14:27:34', '2020-09-26 14:27:34'),
(777, 'SATELLITE RADIUS L15W', 1, 4, 4, 0, '2020-09-26 14:27:47', '2020-09-26 14:27:47'),
(778, 'SATELLITE L50T', 1, 4, 4, 0, '2020-09-26 14:27:51', '2020-09-26 14:27:51'),
(779, 'SATELLITE L855', 1, 4, 4, 0, '2020-09-26 14:27:58', '2020-09-26 14:27:58'),
(780, 'SATELLITE PRO R50-B', 1, 4, 4, 0, '2020-09-26 14:28:02', '2020-09-26 14:28:02'),
(781, 'SATELLITE C50-A', 1, 4, 4, 0, '2020-09-26 14:28:05', '2020-09-26 14:28:05'),
(782, 'SATELLITE L50-T', 1, 4, 4, 0, '2020-09-26 14:28:07', '2020-09-26 14:28:07'),
(783, 'SATELLITE L885', 1, 4, 4, 0, '2020-09-26 14:28:15', '2020-09-26 14:28:15'),
(784, 'SATELLITE P845-S4310', 1, 4, 4, 0, '2020-09-26 14:28:18', '2020-09-26 14:28:18'),
(785, 'PORTEGE M900', 1, 4, 4, 0, '2020-09-26 14:28:21', '2020-09-26 14:28:21'),
(786, 'PORTEGE T110', 1, 4, 4, 0, '2020-09-26 14:28:24', '2020-09-26 14:28:24'),
(787, 'SATELLITE NB510-A', 1, 4, 4, 0, '2020-09-26 14:28:32', '2020-09-26 14:28:32'),
(788, 'SATELLITE L640', 1, 4, 4, 0, '2020-09-26 14:28:34', '2020-09-26 14:28:34'),
(789, 'SATELLITE L748', 1, 4, 4, 0, '2020-09-26 14:28:38', '2020-09-26 14:28:38'),
(790, 'SATELLITE L40-A', 1, 4, 4, 0, '2020-09-26 14:28:51', '2020-09-26 14:28:51'),
(791, 'SATELLITE C40-B', 1, 4, 4, 0, '2020-09-26 14:30:10', '2020-09-26 14:30:10'),
(792, 'SATELLITE E45T-A43000', 1, 4, 4, 0, '2020-09-26 14:30:15', '2020-09-26 14:30:15'),
(793, 'SATELLITE C640', 1, 4, 4, 0, '2020-09-26 14:30:20', '2020-09-26 14:30:20'),
(794, 'SATELLITE P55T-A5202', 1, 4, 4, 0, '2020-09-26 14:30:22', '2020-09-26 14:30:22'),
(795, 'ASPIRE F15', 1, 4, 4, 0, '2020-09-26 14:33:43', '2020-09-26 14:33:43'),
(796, 'ASPIRE ES13-N16Q7', 1, 4, 4, 0, '2020-09-26 14:34:26', '2020-09-26 14:34:26'),
(797, 'ASPIRE R3T-131T', 1, 4, 4, 0, '2020-09-26 14:35:15', '2020-09-26 14:35:15'),
(798, 'FERRARI ONE 200', 1, 4, 4, 0, '2020-09-26 14:35:44', '2020-09-26 14:35:44'),
(799, 'ASPIRE V5-131', 1, 4, 4, 0, '2020-09-26 14:36:24', '2020-09-26 14:36:24'),
(800, 'G1-432', 1, 4, 4, 0, '2020-09-26 14:36:48', '2020-09-26 14:36:48'),
(801, 'ASPIRE ONE ZG8', 1, 4, 4, 0, '2020-09-26 14:36:50', '2020-09-26 14:36:50'),
(802, 'ASPIRE 4752G', 1, 4, 4, 0, '2020-09-26 14:38:37', '2020-09-26 14:38:37'),
(803, 'ASPIRE 3830TG', 1, 4, 4, 0, '2020-09-26 14:38:40', '2020-09-26 14:38:40'),
(804, 'ASPIRE 4741', 1, 4, 4, 0, '2020-09-26 14:38:43', '2020-09-26 14:38:43'),
(805, 'V15 NITRO', 1, 4, 4, 0, '2020-09-26 14:38:57', '2020-09-26 14:38:57'),
(806, 'ASPIRE V5-471', 1, 4, 4, 0, '2020-09-26 14:39:32', '2020-09-26 14:39:32'),
(807, 'ASPIRE VN7-729G', 1, 4, 4, 0, '2020-09-26 14:39:39', '2020-09-26 14:39:39'),
(808, 'ASPIRE ONE V5', 1, 4, 4, 0, '2020-09-26 14:39:57', '2020-09-26 14:39:57'),
(809, 'PREDATOR 15', 1, 4, 4, 0, '2020-09-26 14:40:08', '2020-09-26 14:40:08'),
(810, 'ASPIRE E1-410', 1, 4, 4, 0, '2020-09-26 14:40:23', '2020-09-26 14:40:23'),
(811, 'HELIOS 300', 1, 4, 4, 0, '2020-09-26 14:40:34', '2020-09-26 14:40:34'),
(812, 'ASPIRE ONE ZA3', 1, 4, 4, 0, '2020-09-26 14:40:38', '2020-09-26 14:40:38'),
(813, 'ASPIRE ES14', 1, 4, 4, 0, '2020-09-26 14:40:41', '2020-09-26 14:40:41'),
(814, 'M14X R3', 1, 4, 4, 0, '2020-09-26 14:41:31', '2020-09-26 14:41:31'),
(815, '13 R2', 1, 4, 4, 0, '2020-09-26 14:41:43', '2020-09-26 14:41:43'),
(816, '15 R4', 1, 4, 4, 0, '2020-09-26 14:41:47', '2020-09-26 14:41:47'),
(817, '17-R3', 1, 4, 4, 0, '2020-09-26 14:42:09', '2020-09-26 14:42:09'),
(818, 'MACBOOK AIR A1496', 1, 4, 4, 0, '2020-09-26 14:42:44', '2020-09-26 14:42:44'),
(819, 'MACBOOK PRO A1280', 1, 4, 4, 0, '2020-09-26 14:42:47', '2020-09-26 14:42:47'),
(820, 'MACBOOK A1713', 1, 4, 4, 0, '2020-09-26 14:42:55', '2020-09-26 14:42:55'),
(821, 'MACBOOK PRO A1494', 1, 4, 4, 0, '2020-09-26 14:42:59', '2020-09-26 14:42:59'),
(822, 'MACBOOK A1181', 1, 4, 4, 0, '2020-09-26 14:43:01', '2020-09-26 14:43:01'),
(823, 'MACBOOK PRO A1150', 1, 4, 4, 0, '2020-09-26 14:43:09', '2020-09-26 14:43:09'),
(824, 'MACBOOK PRO A1425', 1, 4, 4, 0, '2020-09-26 14:43:11', '2020-09-26 14:43:11'),
(825, 'MACBOOK PRO A1582', 1, 4, 4, 0, '2020-09-26 14:43:20', '2020-09-26 14:43:20'),
(826, 'MACBOOK AIR 11', 1, 4, 4, 0, '2020-09-26 14:43:23', '2020-09-26 14:43:23'),
(827, 'MACBOOK PRO A1493', 1, 4, 4, 0, '2020-09-26 14:43:28', '2020-09-26 14:43:28'),
(828, 'MACBOOK AIR A1405', 1, 4, 4, 0, '2020-09-26 14:43:38', '2020-09-26 14:43:38'),
(829, 'MACBOOK AIR A1460', 1, 4, 4, 0, '2020-09-26 14:43:40', '2020-09-26 14:43:40'),
(830, 'MACBOOK PRO A1707', 1, 4, 4, 0, '2020-09-26 14:44:05', '2020-09-26 14:44:05'),
(831, 'MACBOOK AIR A1495', 1, 4, 4, 0, '2020-09-26 14:44:11', '2020-09-26 14:44:11'),
(832, 'MACBOOK PRO A1322', 1, 4, 4, 0, '2020-09-26 14:44:19', '2020-09-26 14:44:19'),
(833, 'MACBOOK AIR A1406', 1, 4, 4, 0, '2020-09-26 14:44:30', '2020-09-26 14:44:30'),
(834, 'EEEPC 1015PEM', 1, 4, 4, 0, '2020-09-26 14:44:48', '2020-09-26 14:44:48'),
(835, 'K42F', 1, 4, 4, 0, '2020-09-26 14:44:55', '2020-09-26 14:44:55'),
(836, 'K50IP', 1, 4, 4, 0, '2020-09-26 14:44:57', '2020-09-26 14:44:57'),
(837, 'N45SF', 1, 4, 4, 0, '2020-09-26 14:45:01', '2020-09-26 14:45:01'),
(838, 'N46VZ', 1, 4, 4, 0, '2020-09-26 14:45:04', '2020-09-26 14:45:04'),
(839, 'ROG G752VS', 1, 4, 4, 0, '2020-09-26 14:45:15', '2020-09-26 14:45:15'),
(840, 'VIVOBOOK X456UV', 1, 4, 4, 0, '2020-09-26 14:45:17', '2020-09-26 14:45:17'),
(841, 'X450S', 1, 4, 4, 0, '2020-09-26 14:45:29', '2020-09-26 14:45:29'),
(842, 'X55U', 1, 4, 4, 0, '2020-09-26 14:45:45', '2020-09-26 14:45:45'),
(843, 'A46C5', 1, 4, 4, 0, '2020-09-26 14:45:47', '2020-09-26 14:45:47'),
(844, 'F9E', 1, 4, 4, 0, '2020-09-26 14:45:51', '2020-09-26 14:45:51'),
(845, 'N551J', 1, 4, 4, 0, '2020-09-26 14:46:08', '2020-09-26 14:46:08'),
(846, 'S56XM-XX140', 1, 4, 4, 0, '2020-09-26 14:46:12', '2020-09-26 14:46:12'),
(847, 'TRANSFORMER BOOKLFIP TP550LD', 1, 4, 4, 0, '2020-09-26 14:46:16', '2020-09-26 14:46:16'),
(848, 'ZENBOOK UX305', 1, 4, 4, 0, '2020-09-26 14:46:24', '2020-09-26 14:46:24'),
(849, 'FX502VM', 1, 4, 4, 0, '2020-09-26 14:46:31', '2020-09-26 14:46:31'),
(850, 'X80L', 1, 4, 4, 0, '2020-09-26 14:46:35', '2020-09-26 14:46:35'),
(851, 'X5414', 1, 4, 4, 0, '2020-09-26 14:46:38', '2020-09-26 14:46:38'),
(852, 'U30JC', 1, 4, 4, 0, '2020-09-26 14:46:46', '2020-09-26 14:46:46'),
(853, 'X55DG', 1, 4, 4, 0, '2020-09-26 14:46:49', '2020-09-26 14:46:49'),
(854, 'VIVOBOOK S500CA', 1, 4, 4, 0, '2020-09-26 14:46:56', '2020-09-26 14:46:56'),
(855, 'F80L', 1, 4, 4, 0, '2020-09-26 14:46:58', '2020-09-26 14:46:58'),
(856, 'EEEPC 1005HE', 1, 4, 4, 0, '2020-09-26 14:47:03', '2020-09-26 14:47:03'),
(857, 'K40IL', 1, 4, 4, 0, '2020-09-26 14:47:05', '2020-09-26 14:47:05'),
(858, 'ROG GL502VS', 1, 4, 4, 0, '2020-09-26 14:47:09', '2020-09-26 14:47:09'),
(859, 'EEEPC 1005HA', 1, 4, 4, 0, '2020-09-26 14:47:13', '2020-09-26 14:47:13'),
(860, 'ROG GL551J', 1, 4, 4, 0, '2020-09-26 14:47:17', '2020-09-26 14:47:17'),
(861, 'X451', 1, 4, 4, 0, '2020-09-26 14:47:20', '2020-09-26 14:47:20'),
(862, 'X551MA', 1, 4, 4, 0, '2020-09-26 14:47:24', '2020-09-26 14:47:24'),
(863, 'VIVOBOOK E403NA', 1, 4, 4, 0, '2020-09-26 14:47:27', '2020-09-26 14:47:27'),
(864, 'VIVOBOOK 14-X442UA', 1, 4, 4, 0, '2020-09-26 14:47:30', '2020-09-26 14:47:30'),
(865, 'X441MA', 1, 4, 4, 0, '2020-09-26 14:47:35', '2020-09-26 14:47:35'),
(866, 'UX501', 1, 4, 4, 0, '2020-09-26 14:47:41', '2020-09-26 14:47:41'),
(867, 'K401UB', 1, 4, 4, 0, '2020-09-26 14:47:44', '2020-09-26 14:47:44'),
(868, 'F6V-A1', 1, 4, 4, 0, '2020-09-26 14:47:47', '2020-09-26 14:47:47'),
(869, 'K550VX', 1, 4, 4, 0, '2020-09-26 14:47:51', '2020-09-26 14:47:51'),
(870, 'EEEPC 1008P', 1, 4, 4, 0, '2020-09-26 14:47:57', '2020-09-26 14:47:57'),
(871, 'K56CM', 1, 4, 4, 0, '2020-09-26 14:48:08', '2020-09-26 14:48:08'),
(872, 'X445L', 1, 4, 4, 0, '2020-09-26 14:48:12', '2020-09-26 14:48:12'),
(873, 'VIVOBOOK X442V', 1, 4, 4, 0, '2020-09-26 14:48:15', '2020-09-26 14:48:15'),
(874, 'VIVOBOOK S500C', 1, 4, 4, 0, '2020-09-26 14:48:56', '2020-09-26 14:48:56'),
(875, 'ROG GL552', 1, 4, 4, 0, '2020-09-26 14:49:04', '2020-09-26 14:49:04'),
(876, 'G565', 1, 4, 4, 0, '2020-09-26 14:49:18', '2020-09-26 14:49:18'),
(877, 'F102BA', 1, 4, 4, 0, '2020-09-26 14:49:20', '2020-09-26 14:49:20'),
(878, 'K53S', 1, 4, 4, 0, '2020-09-26 14:51:19', '2020-09-26 14:51:19'),
(879, 'X450U', 1, 4, 4, 0, '2020-09-26 14:51:23', '2020-09-26 14:51:23'),
(880, 'X451M', 1, 4, 4, 0, '2020-09-26 14:51:46', '2020-09-26 14:51:46'),
(881, 'S56XM', 1, 4, 4, 0, '2020-09-26 14:51:48', '2020-09-26 14:51:48'),
(882, 'X407U', 1, 4, 4, 0, '2020-09-26 14:51:57', '2020-09-26 14:51:57'),
(883, 'X550E', 1, 4, 4, 0, '2020-09-26 14:52:00', '2020-09-26 14:52:00'),
(884, 'X42JE', 1, 4, 4, 0, '2020-09-26 14:52:02', '2020-09-26 14:52:02'),
(885, 'K556U', 1, 4, 4, 0, '2020-09-26 14:52:05', '2020-09-26 14:52:05'),
(886, 'K46CA', 1, 4, 4, 0, '2020-09-26 14:52:16', '2020-09-26 14:52:16'),
(887, '650IJ', 1, 4, 4, 0, '2020-09-26 14:52:18', '2020-09-26 14:52:18'),
(888, 'X751LA', 1, 4, 4, 0, '2020-09-26 14:52:25', '2020-09-26 14:52:25'),
(889, 'V550Z', 1, 4, 4, 0, '2020-09-26 14:52:31', '2020-09-26 14:52:31'),
(890, 'X540L', 1, 4, 4, 0, '2020-09-26 14:52:34', '2020-09-26 14:52:34'),
(891, 'VIVOBOOK X540SA', 1, 4, 4, 0, '2020-09-26 14:52:42', '2020-09-26 14:52:42'),
(892, 'X551', 1, 4, 4, 0, '2020-09-26 14:52:49', '2020-09-26 14:52:49'),
(893, 'K42J', 1, 4, 4, 0, '2020-09-26 14:52:53', '2020-09-26 14:52:53'),
(894, 'VIVOBOOK 5', 1, 4, 4, 0, '2020-09-26 14:52:56', '2020-09-26 14:52:56'),
(895, 'X540N', 1, 4, 4, 0, '2020-09-26 14:53:00', '2020-09-26 14:53:00'),
(896, 'K555L', 1, 4, 4, 0, '2020-09-26 14:53:07', '2020-09-26 14:53:07'),
(897, 'X554L', 1, 4, 4, 0, '2020-09-26 14:53:17', '2020-09-26 14:53:17'),
(898, 'X407', 1, 4, 4, 0, '2020-09-26 14:54:23', '2020-09-26 14:54:23'),
(899, 'VIVOBOOK S15', 1, 4, 4, 0, '2020-09-26 14:54:27', '2020-09-26 14:54:27'),
(900, 'X401A', 1, 4, 4, 0, '2020-09-26 14:54:30', '2020-09-26 14:54:30'),
(901, 'PRESARIO C700', 1, 4, 4, 0, '2020-09-26 14:54:57', '2020-09-26 14:54:57'),
(902, '420', 1, 4, 4, 0, '2020-09-26 14:55:01', '2020-09-26 14:55:01'),
(903, 'PRESARIO CQ42', 1, 4, 4, 0, '2020-09-26 14:55:05', '2020-09-26 14:55:05'),
(904, 'INSPIRON 13', 1, 4, 4, 0, '2020-09-26 14:55:19', '2020-09-26 14:55:19'),
(905, 'INSPIRON 14-3451', 1, 4, 4, 0, '2020-09-26 14:55:26', '2020-09-26 14:55:26'),
(906, 'INSPIRON 14-5000', 1, 4, 4, 0, '2020-09-26 14:55:29', '2020-09-26 14:55:29'),
(907, 'LATITUDE 10-ST2E', 1, 4, 4, 0, '2020-09-26 14:55:31', '2020-09-26 14:55:31'),
(908, 'LATITUDE 6430U', 1, 4, 4, 0, '2020-09-26 14:55:34', '2020-09-26 14:55:34'),
(909, 'LATITUDE E5410', 1, 4, 4, 0, '2020-09-26 14:55:38', '2020-09-26 14:55:38'),
(910, 'INSPIRON N4030', 1, 4, 4, 0, '2020-09-26 14:55:42', '2020-09-26 14:55:42'),
(911, 'INSPIRON 13-Z', 1, 4, 4, 0, '2020-09-26 14:55:44', '2020-09-26 14:55:44'),
(912, 'INSPIRON 14R-5437', 1, 4, 4, 0, '2020-09-26 14:55:49', '2020-09-26 14:55:49'),
(913, 'INSPIRON 15-1465', 1, 4, 4, 0, '2020-09-26 14:55:56', '2020-09-26 14:55:56'),
(914, 'INSPIRON 15-7547', 1, 4, 4, 0, '2020-09-26 14:56:07', '2020-09-26 14:56:07'),
(915, 'LATITUDE E5420', 1, 4, 4, 0, '2020-09-26 14:56:18', '2020-09-26 14:56:18'),
(916, 'LATITUDE E5430', 1, 4, 4, 0, '2020-09-26 14:56:21', '2020-09-26 14:56:21'),
(917, 'LATITUDE E6120', 1, 4, 4, 0, '2020-09-26 14:56:25', '2020-09-26 14:56:25'),
(918, 'LATITUDE E6320', 1, 4, 4, 0, '2020-09-26 14:56:27', '2020-09-26 14:56:27'),
(919, 'VOSTRO V130', 1, 4, 4, 0, '2020-09-26 14:56:31', '2020-09-26 14:56:31'),
(920, 'VOSTRO 1510', 1, 4, 4, 0, '2020-09-26 14:56:35', '2020-09-26 14:56:35'),
(921, 'LATITUDE E6400', 1, 4, 4, 0, '2020-09-26 14:56:41', '2020-09-26 14:56:41'),
(922, 'INSPIRON 15-5050', 1, 4, 4, 0, '2020-09-26 14:56:49', '2020-09-26 14:56:49'),
(923, 'VOSTRO V3300', 1, 4, 4, 0, '2020-09-26 14:56:53', '2020-09-26 14:56:53'),
(924, 'VOSTRO 1088', 1, 4, 4, 0, '2020-09-26 14:56:57', '2020-09-26 14:56:57'),
(925, 'LATITUDE 3340', 1, 4, 4, 0, '2020-09-26 14:57:00', '2020-09-26 14:57:00'),
(926, 'XPS-9550', 1, 4, 4, 0, '2020-09-26 14:57:11', '2020-09-26 14:57:11'),
(927, 'XPS 13-9343', 1, 4, 4, 0, '2020-09-26 14:57:14', '2020-09-26 14:57:14'),
(928, 'INSPIRON 15-5459', 1, 4, 4, 0, '2020-09-26 14:57:18', '2020-09-26 14:57:18'),
(929, 'INSPIRON 1440', 1, 4, 4, 0, '2020-09-26 14:57:28', '2020-09-26 14:57:28'),
(930, 'INSPIRON 17-7778', 1, 4, 4, 0, '2020-09-26 14:57:32', '2020-09-26 14:57:32'),
(931, 'INSPIRON 15-3552', 1, 4, 4, 0, '2020-09-26 14:57:35', '2020-09-26 14:57:35'),
(932, 'VOSTRO 5460', 1, 4, 4, 0, '2020-09-26 14:57:38', '2020-09-26 14:57:38'),
(933, 'INSPIRON 13-7352', 1, 4, 4, 0, '2020-09-26 14:57:42', '2020-09-26 14:57:42'),
(934, 'PRECISION 7720', 1, 4, 4, 0, '2020-09-26 14:57:53', '2020-09-26 14:57:53'),
(935, 'XPS 13-9360', 1, 4, 4, 0, '2020-09-26 14:57:57', '2020-09-26 14:57:57'),
(936, 'XPS 13-9333', 1, 4, 4, 0, '2020-09-26 14:58:00', '2020-09-26 14:58:00'),
(937, 'INSPIRON 14-5480', 1, 4, 4, 0, '2020-09-26 14:58:02', '2020-09-26 14:58:02'),
(938, 'LATITUDE E5520', 1, 4, 4, 0, '2020-09-26 14:58:06', '2020-09-26 14:58:06'),
(939, 'LATITUDE E6540', 1, 4, 4, 0, '2020-09-26 14:58:13', '2020-09-26 14:58:13'),
(940, 'INSPIRON 13-5370', 1, 4, 4, 0, '2020-09-26 14:58:17', '2020-09-26 14:58:17'),
(941, 'VOSTRO 540', 1, 4, 4, 0, '2020-09-26 14:58:20', '2020-09-26 14:58:20'),
(942, 'XPS 15-Z', 1, 4, 4, 0, '2020-09-26 14:58:26', '2020-09-26 14:58:26'),
(943, 'XPS 15-L502X', 1, 4, 4, 0, '2020-09-26 14:58:30', '2020-09-26 14:58:30'),
(944, 'PRECISION M3800', 1, 4, 4, 0, '2020-09-26 14:58:33', '2020-09-26 14:58:33'),
(945, 'VENUE 10 PRO 5055', 1, 4, 4, 0, '2020-09-26 14:58:39', '2020-09-26 14:58:39'),
(946, 'INSPIRON 14-7000', 1, 4, 4, 0, '2020-09-26 14:58:42', '2020-09-26 14:58:42'),
(947, 'INSPIRON MINI 10', 1, 4, 4, 0, '2020-09-26 14:58:45', '2020-09-26 14:58:45'),
(948, 'INSPIRON 11-3162', 1, 4, 4, 0, '2020-09-26 14:58:50', '2020-09-26 14:58:50'),
(949, 'LATITUDE E4300', 1, 4, 4, 0, '2020-09-26 14:58:53', '2020-09-26 14:58:53'),
(950, 'INSPIRON 5442', 1, 4, 4, 0, '2020-09-26 14:58:57', '2020-09-26 14:58:57'),
(951, 'INSPIRON 14-7472', 1, 4, 4, 0, '2020-09-26 14:59:00', '2020-09-26 14:59:00'),
(952, 'INSPIRON 15-5555', 1, 4, 4, 0, '2020-09-26 14:59:04', '2020-09-26 14:59:04'),
(953, 'INSPIRON 15-5558', 1, 4, 4, 0, '2020-09-26 14:59:13', '2020-09-26 14:59:13'),
(954, 'INSPIRON 5559', 1, 4, 4, 0, '2020-09-26 14:59:16', '2020-09-26 14:59:16'),
(955, 'XPS-1340', 1, 4, 4, 0, '2020-09-26 14:59:31', '2020-09-26 14:59:31'),
(956, 'VOSTRO 5568', 1, 4, 4, 0, '2020-09-26 14:59:33', '2020-09-26 14:59:33'),
(957, 'PRECISION 5520', 1, 4, 4, 0, '2020-09-26 14:59:42', '2020-09-26 14:59:42'),
(958, 'INSPIRON 14-3437', 1, 4, 4, 0, '2020-09-26 14:59:47', '2020-09-26 14:59:47'),
(959, 'VOSTRO 2421', 1, 4, 4, 0, '2020-09-26 14:59:50', '2020-09-26 14:59:50'),
(960, 'XPS-15', 1, 4, 4, 0, '2020-09-26 15:00:15', '2020-09-26 15:00:15'),
(961, 'STUDIO 1535', 1, 4, 4, 0, '2020-09-26 15:00:18', '2020-09-26 15:00:18'),
(962, 'LATITUDE E570', 1, 4, 4, 0, '2020-09-26 15:00:22', '2020-09-26 15:00:22'),
(963, 'INSPIRON 14R-5421', 1, 4, 4, 0, '2020-09-26 15:00:25', '2020-09-26 15:00:25'),
(964, 'INSPIRON 3552', 1, 4, 4, 0, '2020-09-26 15:00:34', '2020-09-26 15:00:34'),
(965, 'XPS-13', 1, 4, 4, 0, '2020-09-26 15:00:48', '2020-09-26 15:00:48'),
(966, 'VOSTRO 5470', 1, 4, 4, 0, '2020-09-26 15:00:56', '2020-09-26 15:00:56'),
(967, 'INSPIRON 5459', 1, 4, 4, 0, '2020-09-26 15:01:00', '2020-09-26 15:01:00'),
(968, 'INSPIRON MINI DUO 1090', 1, 4, 4, 0, '2020-09-26 15:01:03', '2020-09-26 15:01:03'),
(969, 'LATITUDE E6420', 1, 4, 4, 0, '2020-09-26 15:01:18', '2020-09-26 15:01:18'),
(970, 'INSPIRON P83G', 1, 4, 4, 0, '2020-09-26 15:01:21', '2020-09-26 15:01:21'),
(971, 'INSPIRON 15-3000', 1, 4, 4, 0, '2020-09-26 15:01:25', '2020-09-26 15:01:25'),
(972, 'INSPIRON 15-5668', 1, 4, 4, 0, '2020-09-26 15:01:32', '2020-09-26 15:01:32'),
(973, 'INSPIRON 3451', 1, 4, 4, 0, '2020-09-26 15:01:39', '2020-09-26 15:01:39'),
(974, 'INSPIRON 13-7370', 1, 4, 4, 0, '2020-09-26 15:01:42', '2020-09-26 15:01:42'),
(975, 'INSPIRON 3421', 1, 4, 4, 0, '2020-09-26 15:01:45', '2020-09-26 15:01:45'),
(976, 'INSPIRON 13-7375', 1, 4, 4, 0, '2020-09-26 15:02:02', '2020-09-26 15:02:02'),
(977, 'INSPIRON DUO P08T', 1, 4, 4, 0, '2020-09-26 15:02:06', '2020-09-26 15:02:06'),
(978, 'INSPIRON 15-1564', 1, 4, 4, 0, '2020-09-26 15:02:09', '2020-09-26 15:02:09'),
(979, 'INSPIRON N5010', 1, 4, 4, 0, '2020-09-26 15:02:12', '2020-09-26 15:02:12'),
(980, 'INSPIRON 15-5521', 1, 4, 4, 0, '2020-09-26 15:02:23', '2020-09-26 15:02:23'),
(981, 'INSPIRON 13-7373', 1, 4, 4, 0, '2020-09-26 15:02:26', '2020-09-26 15:02:26'),
(982, 'D730', 1, 4, 4, 0, '2020-09-26 15:03:03', '2020-09-26 15:03:03'),
(983, 'D725', 1, 4, 4, 0, '2020-09-26 15:03:06', '2020-09-26 15:03:06'),
(984, 'EM350', 1, 4, 4, 0, '2020-09-26 15:03:10', '2020-09-26 15:03:10'),
(985, 'N/A', 1, 4, 4, 0, '2020-09-26 15:06:33', '2020-09-26 15:06:33'),
(986, 'LIFEBOOK A530', 1, 4, 4, 0, '2020-09-26 15:09:04', '2020-09-26 15:09:04'),
(987, 'LIFEBOOK LH531', 1, 4, 4, 0, '2020-09-26 15:09:06', '2020-09-26 15:09:06'),
(988, 'LIFEBOOK S936', 1, 4, 4, 0, '2020-09-26 15:09:10', '2020-09-26 15:09:10'),
(989, 'LIFEBOOK AH531', 1, 4, 4, 0, '2020-09-26 15:09:13', '2020-09-26 15:09:13'),
(990, 'LT22', 1, 4, 4, 0, '2020-09-26 15:09:27', '2020-09-26 15:09:27'),
(991, 'MB7187', 1, 4, 4, 0, '2020-09-26 15:09:30', '2020-09-26 15:09:30'),
(992, 'NE56', 1, 4, 4, 0, '2020-09-26 15:09:37', '2020-09-26 15:09:37'),
(993, 'GNC-C30', 1, 4, 4, 0, '2020-09-26 15:10:07', '2020-09-26 15:10:07'),
(994, 'V30', 1, 4, 4, 0, '2020-09-26 15:10:23', '2020-09-26 15:10:23'),
(995, 'ESSENTIAL G485', 1, 4, 4, 0, '2020-09-26 15:11:01', '2020-09-26 15:11:01'),
(996, 'IDEAPAD 310 510-15ISK', 1, 4, 4, 0, '2020-09-26 15:11:06', '2020-09-26 15:11:06'),
(997, 'IDEAPAD 100-15IBY', 1, 4, 4, 0, '2020-09-26 15:11:16', '2020-09-26 15:11:16'),
(998, 'IDEAPAD G400S', 1, 4, 4, 0, '2020-09-26 15:11:20', '2020-09-26 15:11:20'),
(999, 'IDEAPAD Z40-70', 1, 4, 4, 0, '2020-09-26 15:11:27', '2020-09-26 15:11:27'),
(1000, 'S20-30', 1, 4, 4, 0, '2020-09-26 15:11:47', '2020-09-26 15:11:47'),
(1001, 'THINKPAD EDGE E130', 1, 4, 4, 0, '2020-09-26 15:11:56', '2020-09-26 15:11:56'),
(1002, 'THINKPAD L450', 1, 4, 4, 0, '2020-09-26 15:11:59', '2020-09-26 15:11:59'),
(1003, 'THINKPAD L460', 1, 4, 4, 0, '2020-09-26 15:12:02', '2020-09-26 15:12:02'),
(1004, 'THINKPAD W530', 1, 4, 4, 0, '2020-09-26 15:12:06', '2020-09-26 15:12:06'),
(1005, 'THINKPAD X301', 1, 4, 4, 0, '2020-09-26 15:12:08', '2020-09-26 15:12:08'),
(1006, 'THINKPADIDEAPAD 310', 2, 4, 4, 0, '2020-09-26 15:12:16', '2020-09-26 15:12:26'),
(1007, 'THINKPAD EDGE E40', 1, 4, 4, 0, '2020-09-26 15:12:41', '2020-09-26 15:12:41'),
(1008, 'IDEAPAD G40-30', 1, 4, 4, 0, '2020-09-26 15:12:43', '2020-09-26 15:12:43'),
(1009, 'FLEX 3-1480', 1, 4, 4, 0, '2020-09-26 15:12:56', '2020-09-26 15:12:56'),
(1010, 'IDEAPAD S21E-20', 1, 4, 4, 0, '2020-09-26 15:12:59', '2020-09-26 15:12:59'),
(1011, 'IDEAPAD U330P', 1, 4, 4, 0, '2020-09-26 15:13:03', '2020-09-26 15:13:03'),
(1012, 'IDEAPAD Y40-IDEAPAD 300-17', 2, 4, 4, 0, '2020-09-26 15:13:25', '2020-09-26 15:13:34'),
(1013, 'IDEAPAD 300-17', 1, 4, 4, 0, '2020-09-26 15:13:41', '2020-09-26 15:13:41'),
(1014, 'THINKPAD T60', 1, 4, 4, 0, '2020-09-26 15:14:18', '2020-09-26 15:14:18'),
(1015, 'THINKPAD W510', 1, 4, 4, 0, '2020-09-26 15:14:22', '2020-09-26 15:14:22'),
(1016, 'THINKPAD SL410', 1, 4, 4, 0, '2020-09-26 15:14:29', '2020-09-26 15:14:29'),
(1017, 'YOGA 13', 1, 4, 4, 0, '2020-09-26 15:14:33', '2020-09-26 15:14:33'),
(1018, 'IDEAPAD 100-14IBR', 1, 4, 4, 0, '2020-09-26 15:14:46', '2020-09-26 15:14:46'),
(1019, 'IDEAPAD S400', 1, 4, 4, 0, '2020-09-26 15:14:49', '2020-09-26 15:14:49'),
(1020, 'IDEAPAD Y480', 1, 4, 4, 0, '2020-09-26 15:14:57', '2020-09-26 15:14:57'),
(1021, 'IDEAPAD S210', 1, 4, 4, 0, '2020-09-26 15:14:59', '2020-09-26 15:14:59'),
(1022, 'IDEAPAD FLEX 2-14', 1, 4, 4, 0, '2020-09-26 15:15:03', '2020-09-26 15:15:03'),
(1023, 'THINKPAD T520', 1, 4, 4, 0, '2020-09-26 15:15:10', '2020-09-26 15:15:10'),
(1024, 'IDEAPAD Z50', 1, 4, 4, 0, '2020-09-26 15:15:13', '2020-09-26 15:15:13'),
(1025, 'YOGA 710-11IKB', 1, 4, 4, 0, '2020-09-26 15:15:17', '2020-09-26 15:15:17'),
(1026, 'THINKPAD EDGE E125', 1, 4, 4, 0, '2020-09-26 15:15:31', '2020-09-26 15:15:31'),
(1027, 'M4400', 1, 4, 4, 0, '2020-09-26 15:15:45', '2020-09-26 15:15:45'),
(1028, 'IDEAPAD 500-15ISK', 1, 4, 4, 0, '2020-09-26 15:17:15', '2020-09-26 15:17:15'),
(1029, 'THINKPAD T61', 1, 4, 4, 0, '2020-09-26 15:17:22', '2020-09-26 15:17:22'),
(1030, 'IDEAPAD S10-3', 1, 4, 4, 0, '2020-09-26 15:17:25', '2020-09-26 15:17:25'),
(1031, 'THINKPAD T400', 1, 4, 4, 0, '2020-09-26 15:17:28', '2020-09-26 15:17:28'),
(1032, 'ESSENTIAL G475', 1, 4, 4, 0, '2020-09-26 15:17:31', '2020-09-26 15:17:31'),
(1033, 'IDEAPAD 500-15ACZ', 1, 4, 4, 0, '2020-09-26 15:17:34', '2020-09-26 15:17:34'),
(1034, 'IDEAPAD 310-14', 1, 4, 4, 0, '2020-09-26 15:17:37', '2020-09-26 15:17:37'),
(1035, 'IDEAPAD Z500', 1, 4, 4, 0, '2020-09-26 15:18:03', '2020-09-26 15:18:03'),
(1036, 'THINKPAD YOGA 12', 1, 4, 4, 0, '2020-09-26 15:18:07', '2020-09-26 15:18:07'),
(1037, 'IDEAPAD S3000', 1, 4, 4, 0, '2020-09-26 15:18:19', '2020-09-26 15:18:19'),
(1038, 'IDEAPAD 330S-14IKB', 1, 4, 4, 0, '2020-09-26 15:18:30', '2020-09-26 15:18:30'),
(1039, 'IDEAPAD P400 TOUCH', 1, 4, 4, 0, '2020-09-26 15:18:34', '2020-09-26 15:18:34'),
(1040, 'THINKPAD T420', 1, 4, 4, 0, '2020-09-26 15:18:37', '2020-09-26 15:18:37'),
(1041, 'ESSENTIAL G510', 1, 4, 4, 0, '2020-09-26 15:19:03', '2020-09-26 15:19:03'),
(1042, 'SURFACE BOOK', 1, 4, 4, 0, '2020-09-26 15:19:33', '2020-09-26 15:19:33'),
(1043, 'SURFACEBOOK 1507', 1, 4, 4, 0, '2020-09-26 15:19:40', '2020-09-26 15:19:40'),
(1044, 'GS63', 1, 4, 4, 0, '2020-09-26 15:20:03', '2020-09-26 15:20:03'),
(1045, 'MS-1655', 1, 4, 4, 0, '2020-09-26 15:20:50', '2020-09-26 15:20:50'),
(1046, 'B3220', 1, 4, 4, 0, '2020-09-26 15:21:28', '2020-09-26 15:21:28'),
(1047, 'ASPIRE E1-432', 1, 4, 4, 0, '2020-09-26 15:34:53', '2020-09-26 15:34:53'),
(1048, 'ASPIRE R14', 1, 4, 4, 0, '2020-09-26 15:35:04', '2020-09-26 15:35:04'),
(1049, 'C240', 1, 4, 4, 0, '2020-09-26 15:36:03', '2020-09-26 15:36:03'),
(1050, 'PAVILION G42', 1, 4, 4, 0, '2020-11-07 19:18:35', '2020-11-07 19:18:35'),
(1051, 'P42F', 1, 4, 4, 0, '2020-11-07 19:28:26', '2020-11-07 19:28:26'),
(1052, 'ENVY X2-11', 1, 4, 4, 0, '2020-11-07 19:33:25', '2020-11-07 19:33:25'),
(1053, 'ASPIRE V5-431P', 1, 4, 4, 0, '2020-11-07 20:38:21', '2020-11-07 20:38:21'),
(1054, 'ASPIRE E1-573G', 1, 4, 4, 0, '2020-11-07 20:39:25', '2020-11-07 20:39:25'),
(1055, 'ASPIRE ES1-527', 1, 4, 4, 0, '2020-11-07 20:39:52', '2020-11-07 20:39:52'),
(1056, 'ASPIRE 5-A515', 1, 4, 4, 0, '2020-11-07 20:40:10', '2020-11-07 20:40:10');

-- --------------------------------------------------------

--
-- Table structure for table `password_resets`
--

CREATE TABLE `password_resets` (
  `id` bigint(20) UNSIGNED NOT NULL,
  `user_id` bigint(20) UNSIGNED NOT NULL,
  `email` varchar(255) COLLATE utf8mb4_unicode_ci NOT NULL,
  `token` varchar(255) COLLATE utf8mb4_unicode_ci NOT NULL,
  `status` tinyint(4) NOT NULL DEFAULT 1,
  `logdel` tinyint(4) NOT NULL DEFAULT 0,
  `created_at` timestamp NOT NULL DEFAULT current_timestamp() ON UPDATE current_timestamp()
) ENGINE=InnoDB DEFAULT CHARSET=utf8mb4 COLLATE=utf8mb4_unicode_ci;

-- --------------------------------------------------------

--
-- Table structure for table `pbbs`
--

CREATE TABLE `pbbs` (
  `id` bigint(20) UNSIGNED NOT NULL,
  `branch_id` bigint(20) UNSIGNED NOT NULL,
  `reference_type_id` bigint(20) UNSIGNED NOT NULL,
  `reference_no` varchar(255) COLLATE utf8mb4_unicode_ci NOT NULL,
  `item_description` text COLLATE utf8mb4_unicode_ci NOT NULL,
  `quantity` double NOT NULL,
  `supplier_id` bigint(20) UNSIGNED NOT NULL,
  `purchased_amount` double NOT NULL,
  `type_of_pbb` tinyint(4) NOT NULL COMMENT '1=For Client; 2=SST Properties',
  `status` tinyint(4) NOT NULL COMMENT '1=Active; 2=Archived',
  `created_by` bigint(20) UNSIGNED NOT NULL,
  `last_updated_by` bigint(20) UNSIGNED NOT NULL,
  `logdel` tinyint(4) NOT NULL DEFAULT 0,
  `created_at` timestamp NULL DEFAULT NULL,
  `updated_at` timestamp NULL DEFAULT NULL
) ENGINE=InnoDB DEFAULT CHARSET=utf8mb4 COLLATE=utf8mb4_unicode_ci;

--
-- Dumping data for table `pbbs`
--

INSERT INTO `pbbs` (`id`, `branch_id`, `reference_type_id`, `reference_no`, `item_description`, `quantity`, `supplier_id`, `purchased_amount`, `type_of_pbb`, `status`, `created_by`, `last_updated_by`, `logdel`, `created_at`, `updated_at`) VALUES
(1, 1, 1, '123123123', 'asdasdsd', 2, 1, 10000, 1, 3, 5, 5, 0, '2021-01-31 19:52:05', '2021-01-31 19:52:19');

-- --------------------------------------------------------

--
-- Table structure for table `pins`
--

CREATE TABLE `pins` (
  `id` bigint(20) UNSIGNED NOT NULL,
  `description` varchar(255) COLLATE utf8mb4_unicode_ci NOT NULL,
  `status` int(11) NOT NULL COMMENT '1=Active; 2=Archived',
  `created_by` bigint(20) UNSIGNED NOT NULL,
  `last_updated_by` bigint(20) UNSIGNED NOT NULL,
  `logdel` tinyint(4) NOT NULL DEFAULT 0,
  `created_at` timestamp NULL DEFAULT NULL,
  `updated_at` timestamp NULL DEFAULT NULL
) ENGINE=InnoDB DEFAULT CHARSET=utf8mb4 COLLATE=utf8mb4_unicode_ci;

--
-- Dumping data for table `pins`
--

INSERT INTO `pins` (`id`, `description`, `status`, `created_by`, `last_updated_by`, `logdel`, `created_at`, `updated_at`) VALUES
(1, '30 PINS', 1, 2, 2, 0, '2020-09-21 21:59:26', '2020-09-21 21:59:26'),
(2, '40 PINS', 1, 2, 2, 0, '2020-09-21 21:59:30', '2020-09-21 21:59:30'),
(3, 'N/A', 1, 4, 4, 0, '2020-09-26 15:08:42', '2020-09-26 15:08:42');

-- --------------------------------------------------------

--
-- Table structure for table `reference_types`
--

CREATE TABLE `reference_types` (
  `id` bigint(20) UNSIGNED NOT NULL,
  `description` varchar(255) COLLATE utf8mb4_unicode_ci NOT NULL,
  `status` int(11) NOT NULL COMMENT '1=Active; 2=Archived',
  `created_by` bigint(20) UNSIGNED NOT NULL,
  `last_updated_by` bigint(20) UNSIGNED NOT NULL,
  `logdel` tinyint(4) NOT NULL DEFAULT 0,
  `created_at` timestamp NULL DEFAULT NULL,
  `updated_at` timestamp NULL DEFAULT NULL
) ENGINE=InnoDB DEFAULT CHARSET=utf8mb4 COLLATE=utf8mb4_unicode_ci;

--
-- Dumping data for table `reference_types`
--

INSERT INTO `reference_types` (`id`, `description`, `status`, `created_by`, `last_updated_by`, `logdel`, `created_at`, `updated_at`) VALUES
(1, 'PI', 1, 2, 2, 0, '2020-09-26 14:06:18', '2020-09-26 14:06:18'),
(2, 'DR#', 1, 2, 2, 0, '2020-09-26 14:06:41', '2020-09-26 14:06:41'),
(3, 'SI#', 1, 2, 2, 0, '2020-09-26 14:06:48', '2020-09-26 14:06:48'),
(4, 'RF#', 1, 1, 1, 0, '2021-01-25 13:02:30', '2021-01-25 13:02:30');

-- --------------------------------------------------------

--
-- Table structure for table `refund_stocks`
--

CREATE TABLE `refund_stocks` (
  `id` bigint(20) UNSIGNED NOT NULL,
  `branch_id` bigint(20) UNSIGNED NOT NULL,
  `stock_id` bigint(20) UNSIGNED NOT NULL,
  `sold_id` bigint(20) UNSIGNED NOT NULL,
  `sold_stock_id` bigint(20) UNSIGNED NOT NULL,
  `delivery_stock_id` bigint(20) UNSIGNED NOT NULL,
  `transaction_type_id` bigint(20) UNSIGNED NOT NULL,
  `reference_no` varchar(255) COLLATE utf8mb4_unicode_ci NOT NULL,
  `date` date NOT NULL,
  `amount` double NOT NULL,
  `remarks` text COLLATE utf8mb4_unicode_ci NOT NULL,
  `refund_status` tinyint(4) NOT NULL DEFAULT 1 COMMENT '1=Good; 2=Defective',
  `refund_remarks` text COLLATE utf8mb4_unicode_ci NOT NULL,
  `status` tinyint(4) NOT NULL DEFAULT 1 COMMENT '1=Active; 2=Archived',
  `logdel` tinyint(4) NOT NULL DEFAULT 0 COMMENT '0=Active; 1=Deleted',
  `created_by` bigint(20) UNSIGNED NOT NULL,
  `last_updated_by` bigint(20) UNSIGNED NOT NULL,
  `created_at` timestamp NULL DEFAULT NULL,
  `updated_at` timestamp NULL DEFAULT NULL
) ENGINE=InnoDB DEFAULT CHARSET=utf8mb4 COLLATE=utf8mb4_unicode_ci;

-- --------------------------------------------------------

--
-- Table structure for table `resolutions`
--

CREATE TABLE `resolutions` (
  `id` bigint(20) UNSIGNED NOT NULL,
  `description` varchar(255) COLLATE utf8mb4_unicode_ci NOT NULL,
  `status` int(11) NOT NULL COMMENT '1=Active; 2=Archived',
  `created_by` bigint(20) UNSIGNED NOT NULL,
  `last_updated_by` bigint(20) UNSIGNED NOT NULL,
  `logdel` tinyint(4) NOT NULL DEFAULT 0,
  `created_at` timestamp NULL DEFAULT NULL,
  `updated_at` timestamp NULL DEFAULT NULL
) ENGINE=InnoDB DEFAULT CHARSET=utf8mb4 COLLATE=utf8mb4_unicode_ci;

--
-- Dumping data for table `resolutions`
--

INSERT INTO `resolutions` (`id`, `description`, `status`, `created_by`, `last_updated_by`, `logdel`, `created_at`, `updated_at`) VALUES
(1, '1366X768 HD', 1, 2, 2, 0, '2020-09-21 22:02:17', '2020-09-21 22:02:17'),
(2, '1600X900 HD+', 1, 2, 2, 0, '2020-09-21 22:02:32', '2020-09-21 22:03:31'),
(3, '1920X1080 FHD', 1, 2, 2, 0, '2020-09-21 22:02:46', '2020-09-21 22:02:46'),
(4, '2560X1440 QHD', 1, 2, 2, 0, '2020-09-21 22:02:55', '2020-09-21 22:02:55'),
(5, '3200X1800 QHD', 1, 2, 2, 0, '2020-09-21 22:03:12', '2020-09-21 22:03:12'),
(6, '3840X2160 UHD', 1, 2, 2, 0, '2020-09-21 22:03:21', '2020-09-21 22:03:21'),
(7, 'N/A', 1, 4, 4, 0, '2020-09-26 15:08:53', '2020-09-26 15:08:53');

-- --------------------------------------------------------

--
-- Table structure for table `returns`
--

CREATE TABLE `returns` (
  `id` bigint(20) UNSIGNED NOT NULL,
  `branch_id` bigint(20) UNSIGNED NOT NULL,
  `dr_no` varchar(255) COLLATE utf8mb4_unicode_ci NOT NULL,
  `dr_date` date NOT NULL,
  `status` tinyint(4) NOT NULL DEFAULT 1 COMMENT '1=Active; 2=Archived',
  `logdel` tinyint(4) NOT NULL DEFAULT 0 COMMENT '0=Active; 1=Deleted',
  `created_by` bigint(20) UNSIGNED NOT NULL,
  `last_updated_by` bigint(20) UNSIGNED NOT NULL,
  `created_at` timestamp NULL DEFAULT NULL,
  `updated_at` timestamp NULL DEFAULT NULL
) ENGINE=InnoDB DEFAULT CHARSET=utf8mb4 COLLATE=utf8mb4_unicode_ci;

--
-- Dumping data for table `returns`
--

INSERT INTO `returns` (`id`, `branch_id`, `dr_no`, `dr_date`, `status`, `logdel`, `created_by`, `last_updated_by`, `created_at`, `updated_at`) VALUES
(1, 1, '1231231231', '2021-02-01', 1, 0, 5, 5, '2021-01-31 20:23:37', '2021-01-31 20:23:37');

-- --------------------------------------------------------

--
-- Table structure for table `return_stocks`
--

CREATE TABLE `return_stocks` (
  `id` bigint(20) UNSIGNED NOT NULL,
  `return_id` bigint(20) UNSIGNED NOT NULL,
  `stock_id` bigint(20) UNSIGNED NOT NULL,
  `delivery_stock_id` bigint(20) UNSIGNED NOT NULL,
  `return_status` tinyint(4) NOT NULL DEFAULT 1 COMMENT '1=Good; 2=Defective',
  `remarks` text COLLATE utf8mb4_unicode_ci NOT NULL,
  `return_type` int(11) NOT NULL DEFAULT 0 COMMENT '0=Pending; 1=Received as Good; 2=Return to Supplier',
  `status` tinyint(4) NOT NULL DEFAULT 1 COMMENT '1=Active; 2=Archived',
  `logdel` tinyint(4) NOT NULL DEFAULT 0 COMMENT '0=Active; 1=Deleted',
  `created_by` bigint(20) UNSIGNED NOT NULL,
  `last_updated_by` bigint(20) UNSIGNED NOT NULL,
  `created_at` timestamp NULL DEFAULT NULL,
  `updated_at` timestamp NULL DEFAULT NULL
) ENGINE=InnoDB DEFAULT CHARSET=utf8mb4 COLLATE=utf8mb4_unicode_ci;

-- --------------------------------------------------------

--
-- Table structure for table `sizes`
--

CREATE TABLE `sizes` (
  `id` bigint(20) UNSIGNED NOT NULL,
  `description` varchar(255) COLLATE utf8mb4_unicode_ci NOT NULL,
  `status` int(11) NOT NULL COMMENT '1=Active; 2=Archived',
  `created_by` bigint(20) UNSIGNED NOT NULL,
  `last_updated_by` bigint(20) UNSIGNED NOT NULL,
  `logdel` tinyint(4) NOT NULL DEFAULT 0,
  `created_at` timestamp NULL DEFAULT NULL,
  `updated_at` timestamp NULL DEFAULT NULL
) ENGINE=InnoDB DEFAULT CHARSET=utf8mb4 COLLATE=utf8mb4_unicode_ci;

--
-- Dumping data for table `sizes`
--

INSERT INTO `sizes` (`id`, `description`, `status`, `created_by`, `last_updated_by`, `logdel`, `created_at`, `updated_at`) VALUES
(1, '10.1\"', 1, 2, 2, 0, '2020-09-21 21:55:41', '2020-09-21 21:55:41'),
(2, '11.6\"', 1, 2, 2, 0, '2020-09-21 21:55:44', '2020-09-21 21:55:44'),
(3, '13.3\"', 1, 2, 2, 0, '2020-09-21 21:55:48', '2020-09-21 21:55:48'),
(4, '14.0\"', 1, 2, 2, 0, '2020-09-21 21:55:52', '2020-09-21 21:55:52'),
(5, '15.6\"', 1, 2, 2, 0, '2020-09-21 21:55:56', '2020-09-21 21:55:56'),
(6, '16.0\"', 1, 2, 2, 0, '2020-09-21 21:56:00', '2020-09-21 21:56:00'),
(7, '17.3\"', 1, 2, 2, 0, '2020-09-21 21:56:06', '2020-09-21 21:56:06'),
(8, 'SAMSUNG', 1, 2, 2, 0, '2020-09-21 22:12:04', '2020-09-21 22:12:04'),
(9, '8.4\"', 1, 2, 2, 0, '2020-09-22 19:50:12', '2020-09-22 19:50:12'),
(10, 'N/A', 1, 4, 4, 0, '2020-09-26 15:08:23', '2020-09-26 15:08:23'),
(11, '3.0X1.0MM', 1, 4, 4, 0, '2020-11-07 19:08:59', '2020-11-07 19:08:59'),
(12, '7MM 2.5\"', 1, 4, 4, 0, '2020-11-07 19:36:37', '2020-11-07 19:36:37'),
(13, '9MM 2.5\"', 1, 4, 4, 0, '2020-11-07 20:13:54', '2020-11-07 20:13:54');

-- --------------------------------------------------------

--
-- Table structure for table `solds`
--

CREATE TABLE `solds` (
  `id` bigint(20) UNSIGNED NOT NULL,
  `branch_id` bigint(20) UNSIGNED NOT NULL,
  `transaction_type_id` bigint(20) UNSIGNED NOT NULL,
  `reference_no` varchar(255) COLLATE utf8mb4_unicode_ci NOT NULL,
  `date_out` date NOT NULL,
  `total_amount` double NOT NULL DEFAULT 0,
  `sold_to` tinyint(4) NOT NULL DEFAULT 1 COMMENT '1=Customer; 2=Employee',
  `status` tinyint(4) NOT NULL DEFAULT 1 COMMENT '1=Active; 2=Archived',
  `logdel` tinyint(4) NOT NULL DEFAULT 0 COMMENT '0=Active; 1=Deleted',
  `created_by` bigint(20) UNSIGNED NOT NULL,
  `last_updated_by` bigint(20) UNSIGNED NOT NULL,
  `created_at` timestamp NULL DEFAULT NULL,
  `updated_at` timestamp NULL DEFAULT NULL
) ENGINE=InnoDB DEFAULT CHARSET=utf8mb4 COLLATE=utf8mb4_unicode_ci;

--
-- Dumping data for table `solds`
--

INSERT INTO `solds` (`id`, `branch_id`, `transaction_type_id`, `reference_no`, `date_out`, `total_amount`, `sold_to`, `status`, `logdel`, `created_by`, `last_updated_by`, `created_at`, `updated_at`) VALUES
(1, 1, 1, '12435', '2021-02-01', 1600, 1, 3, 0, 5, 5, '2021-01-31 20:23:12', '2021-01-31 20:24:07');

-- --------------------------------------------------------

--
-- Table structure for table `sold_stocks`
--

CREATE TABLE `sold_stocks` (
  `id` bigint(20) UNSIGNED NOT NULL,
  `sold_id` bigint(20) UNSIGNED NOT NULL,
  `stock_id` bigint(20) UNSIGNED NOT NULL,
  `delivery_stock_id` bigint(20) UNSIGNED NOT NULL,
  `service_charge` double NOT NULL,
  `parts_amount` double NOT NULL,
  `sub_total_amount` double NOT NULL,
  `remarks` text COLLATE utf8mb4_unicode_ci NOT NULL,
  `status` tinyint(4) NOT NULL DEFAULT 1 COMMENT '1=Active; 2=Archived',
  `logdel` tinyint(4) NOT NULL DEFAULT 0 COMMENT '0=Active; 1=Deleted',
  `sold_at` datetime DEFAULT NULL,
  `sold_remarks` text COLLATE utf8mb4_unicode_ci DEFAULT NULL,
  `created_by` bigint(20) UNSIGNED NOT NULL,
  `last_updated_by` bigint(20) UNSIGNED NOT NULL,
  `created_at` timestamp NULL DEFAULT NULL,
  `updated_at` timestamp NULL DEFAULT NULL
) ENGINE=InnoDB DEFAULT CHARSET=utf8mb4 COLLATE=utf8mb4_unicode_ci;

--
-- Dumping data for table `sold_stocks`
--

INSERT INTO `sold_stocks` (`id`, `sold_id`, `stock_id`, `delivery_stock_id`, `service_charge`, `parts_amount`, `sub_total_amount`, `remarks`, `status`, `logdel`, `sold_at`, `sold_remarks`, `created_by`, `last_updated_by`, `created_at`, `updated_at`) VALUES
(1, 1, 1, 1, 100, 1500, 1600, 'Sold for today', 1, 0, NULL, NULL, 5, 5, '2021-01-31 20:24:03', '2021-01-31 20:24:03');

-- --------------------------------------------------------

--
-- Table structure for table `stocks`
--

CREATE TABLE `stocks` (
  `id` bigint(20) UNSIGNED NOT NULL,
  `stock_no` varchar(255) COLLATE utf8mb4_unicode_ci NOT NULL,
  `serial_no` varchar(255) COLLATE utf8mb4_unicode_ci DEFAULT NULL,
  `registration_id` bigint(20) UNSIGNED NOT NULL,
  `status` int(11) NOT NULL COMMENT '1=Active; 2=Archived',
  `remarks` text COLLATE utf8mb4_unicode_ci DEFAULT NULL,
  `created_by` bigint(20) UNSIGNED NOT NULL,
  `last_updated_by` bigint(20) UNSIGNED NOT NULL,
  `logdel` tinyint(4) NOT NULL DEFAULT 0,
  `created_at` timestamp NULL DEFAULT NULL,
  `updated_at` timestamp NULL DEFAULT NULL,
  `stock_type` tinyint(4) NOT NULL DEFAULT 1 COMMENT '1=CSO, 2=PBB',
  `pbb_id` bigint(20) UNSIGNED DEFAULT NULL,
  `branch_id` bigint(20) UNSIGNED DEFAULT NULL,
  `type_of_pbb` tinyint(4) DEFAULT NULL COMMENT '1=For Client, 2=SST Properties'
) ENGINE=InnoDB DEFAULT CHARSET=utf8mb4 COLLATE=utf8mb4_unicode_ci;

--
-- Dumping data for table `stocks`
--

INSERT INTO `stocks` (`id`, `stock_no`, `serial_no`, `registration_id`, `status`, `remarks`, `created_by`, `last_updated_by`, `logdel`, `created_at`, `updated_at`, `stock_type`, `pbb_id`, `branch_id`, `type_of_pbb`) VALUES
(1, '1', NULL, 1, 7, NULL, 1, 5, 0, '2021-01-31 00:36:54', '2021-01-31 20:24:07', 1, NULL, NULL, NULL),
(2, '2', NULL, 1, 4, NULL, 1, 5, 0, '2021-01-31 00:36:54', '2021-01-31 19:47:47', 1, NULL, NULL, NULL),
(3, '3', NULL, 1, 13, NULL, 1, 5, 0, '2021-01-31 00:36:54', '2021-01-31 21:23:30', 1, NULL, NULL, NULL),
(4, '4', NULL, 2, 5, NULL, 1, 5, 0, '2021-01-31 00:37:26', '2021-01-31 19:48:01', 1, NULL, NULL, NULL),
(5, '5', NULL, 2, 13, NULL, 1, 5, 0, '2021-01-31 00:37:26', '2021-01-31 21:19:53', 1, NULL, NULL, NULL),
(6, '6', NULL, 3, 3, NULL, 1, 1, 0, '2021-01-31 00:37:44', '2021-01-31 19:18:19', 1, NULL, NULL, NULL),
(7, '7', NULL, 3, 3, NULL, 1, 1, 0, '2021-01-31 00:37:44', '2021-01-31 19:18:21', 1, NULL, NULL, NULL),
(8, '8', NULL, 3, 3, NULL, 1, 1, 0, '2021-01-31 00:37:44', '2021-01-31 19:18:27', 1, NULL, NULL, NULL),
(9, '9', NULL, 3, 3, NULL, 1, 1, 0, '2021-01-31 00:37:44', '2021-01-31 19:35:21', 1, NULL, NULL, NULL),
(10, '10', NULL, 3, 13, NULL, 1, 5, 0, '2021-01-31 00:37:44', '2021-01-31 21:28:37', 1, NULL, NULL, NULL),
(11, '11', NULL, 4, 4, NULL, 1, 5, 0, '2021-01-31 00:42:32', '2021-01-31 20:19:56', 1, NULL, NULL, NULL),
(12, '12', NULL, 4, 4, NULL, 1, 5, 0, '2021-01-31 00:42:32', '2021-01-31 20:19:56', 1, NULL, NULL, NULL),
(13, '13', NULL, 4, 1, NULL, 1, 1, 0, '2021-01-31 00:42:32', '2021-01-31 00:42:32', 1, NULL, NULL, NULL),
(14, '14', NULL, 4, 1, NULL, 1, 1, 0, '2021-01-31 00:42:32', '2021-01-31 00:42:32', 1, NULL, NULL, NULL),
(15, '15', NULL, 4, 1, NULL, 1, 1, 0, '2021-01-31 00:42:32', '2021-01-31 00:42:32', 1, NULL, NULL, NULL),
(22, '1', 'N/A', 10, 3, NULL, 1, 1, 0, '2021-01-31 20:05:30', '2021-01-31 20:07:59', 2, 1, 1, 1),
(23, '2', 'N/A', 10, 1, 'Test PBB Restore', 1, 1, 0, '2021-01-31 20:05:30', '2021-01-31 20:10:53', 2, 1, 1, 1);

-- --------------------------------------------------------

--
-- Table structure for table `stock_sequences`
--

CREATE TABLE `stock_sequences` (
  `id` bigint(20) UNSIGNED NOT NULL,
  `device_id` bigint(20) UNSIGNED NOT NULL,
  `category_id` bigint(20) UNSIGNED NOT NULL,
  `brand_id` bigint(20) UNSIGNED DEFAULT NULL,
  `model_id` bigint(20) UNSIGNED DEFAULT NULL,
  `sub_model_id` bigint(20) UNSIGNED DEFAULT NULL,
  `capacity_id` bigint(20) UNSIGNED DEFAULT NULL,
  `size_id` bigint(20) UNSIGNED DEFAULT NULL,
  `color_id` bigint(20) UNSIGNED DEFAULT NULL,
  `type_id` bigint(20) UNSIGNED DEFAULT NULL,
  `pin_id` bigint(20) UNSIGNED DEFAULT NULL,
  `connector_id` bigint(20) UNSIGNED DEFAULT NULL,
  `resolution_id` bigint(20) UNSIGNED DEFAULT NULL,
  `checker` varchar(255) COLLATE utf8mb4_unicode_ci NOT NULL,
  `item_description` varchar(255) COLLATE utf8mb4_unicode_ci NOT NULL,
  `item_code` varchar(255) COLLATE utf8mb4_unicode_ci NOT NULL,
  `status` int(11) NOT NULL COMMENT '1=Active; 2=Archived',
  `created_by` bigint(20) UNSIGNED NOT NULL,
  `last_updated_by` bigint(20) UNSIGNED NOT NULL,
  `logdel` tinyint(4) NOT NULL DEFAULT 0,
  `created_at` timestamp NULL DEFAULT NULL,
  `updated_at` timestamp NULL DEFAULT NULL
) ENGINE=InnoDB DEFAULT CHARSET=utf8mb4 COLLATE=utf8mb4_unicode_ci;

--
-- Dumping data for table `stock_sequences`
--

INSERT INTO `stock_sequences` (`id`, `device_id`, `category_id`, `brand_id`, `model_id`, `sub_model_id`, `capacity_id`, `size_id`, `color_id`, `type_id`, `pin_id`, `connector_id`, `resolution_id`, `checker`, `item_description`, `item_code`, `status`, `created_by`, `last_updated_by`, `logdel`, `created_at`, `updated_at`) VALUES
(1, 2, 4, 3, 1, NULL, 35, NULL, 3, 17, NULL, NULL, NULL, '1100000000', 'LAPTOP+|BATTERY+|ACER+|ASPIRE 4710Z+||11.1V 5200MAH-||BLACK-|N/A-||||', '2+|4+|3+|1+||35-||3-|17-||||', 1, 4, 4, 0, '2021-01-23 17:11:41', '2021-01-23 17:11:41'),
(2, 2, 4, 3, 2, NULL, 35, NULL, 3, 17, NULL, NULL, NULL, '1100000000', 'LAPTOP+|BATTERY+|ACER+|ASPIRE 4732Z+||11.1V 5200MAH-||BLACK-|N/A-||||', '2+|4+|3+|2+||35-||3-|17-||||', 1, 4, 4, 0, '2021-01-23 17:12:25', '2021-01-23 17:12:25'),
(3, 2, 4, 3, 3, NULL, 35, NULL, 3, 17, NULL, NULL, NULL, '1100000000', 'LAPTOP+|BATTERY+|ACER+|ASPIRE 5532+||11.1V 5200MAH-||BLACK-|N/A-||||', '2+|4+|3+|3+||35-||3-|17-||||', 1, 4, 4, 0, '2021-01-23 17:16:09', '2021-01-23 17:16:09'),
(4, 2, 4, 3, 4, NULL, 36, NULL, 3, 17, NULL, NULL, NULL, '1100000000', 'LAPTOP+|BATTERY+|ACER+|ASPIRE V5-123+||14.8V 2600MAH-||BLACK-|N/A-||||', '2+|4+|3+|4+||36-||3-|17-||||', 1, 4, 4, 0, '2021-01-23 17:18:19', '2021-01-23 17:18:19'),
(5, 2, 4, 3, 795, NULL, 37, NULL, 3, 17, NULL, NULL, NULL, '1100000000', 'LAPTOP+|BATTERY+|ACER+|ASPIRE F15+||14.8V 2800MAH-||BLACK-|N/A-||||', '2+|4+|3+|795+||37-||3-|17-||||', 1, 4, 4, 0, '2021-01-23 17:19:24', '2021-01-23 17:19:24'),
(6, 2, 4, 3, 795, NULL, 38, NULL, 3, 17, NULL, NULL, NULL, '1100000000', 'LAPTOP+|BATTERY+|ACER+|ASPIRE F15+||14.6V 2600MAH-||BLACK-|N/A-||||', '2+|4+|3+|795+||38-||3-|17-||||', 1, 4, 4, 0, '2021-01-23 17:24:29', '2021-01-23 17:24:29'),
(7, 2, 4, 3, 6, NULL, 36, NULL, 3, 17, NULL, NULL, NULL, '1100000000', 'LAPTOP+|BATTERY+|ACER+|ASPIRE ONE 756+||14.8V 2600MAH-||BLACK-|N/A-||||', '2+|4+|3+|6+||36-||3-|17-||||', 1, 4, 4, 0, '2021-01-23 17:27:34', '2021-01-23 17:27:34'),
(8, 2, 4, 3, 7, NULL, 39, NULL, 3, 17, NULL, NULL, NULL, '1100000000', 'LAPTOP+|BATTERY+|ACER+|ASPIRE R7-571+||15V 3560MAH-||BLACK-|N/A-||||', '2+|4+|3+|7+||39-||3-|17-||||', 1, 4, 4, 0, '2021-01-23 17:30:27', '2021-01-23 17:30:27'),
(9, 2, 4, 3, 10, NULL, 40, NULL, 3, 17, NULL, NULL, NULL, '1100000000', 'LAPTOP+|BATTERY+|ACER+|ASPIRE V5-122P+||11.4V 2640MAH-||BLACK-|N/A-||||', '2+|4+|3+|10+||40-||3-|17-||||', 1, 4, 4, 0, '2021-01-23 17:32:19', '2021-01-23 17:32:19'),
(10, 2, 4, 3, 10, NULL, 41, NULL, 3, 17, NULL, NULL, NULL, '0100000000', 'LAPTOP+|BATTERY+|ACER-|ASPIRE V5-122P+||11.4V 30WH-||BLACK-|N/A-||||', '2+|4+|3-|10+||41-||3-|17-||||', 1, 4, 4, 0, '2021-01-23 17:34:00', '2021-01-23 17:34:00'),
(11, 2, 4, 3, 11, NULL, 35, NULL, 3, 17, NULL, NULL, NULL, '0100000000', 'LAPTOP+|BATTERY+|ACER-|TRAVELMATE P246+||11.1V 5200MAH-||BLACK-|N/A-||||', '2+|4+|3-|11+||35-||3-|17-||||', 1, 4, 4, 0, '2021-01-23 17:34:49', '2021-01-23 17:34:49'),
(12, 2, 4, 3, 11, NULL, 35, NULL, 3, 17, NULL, NULL, NULL, '1100000000', 'LAPTOP+|BATTERY+|ACER+|TRAVELMATE P246+||11.1V 5200MAH-||BLACK-|N/A-||||', '2+|4+|3+|11+||35-||3-|17-||||', 1, 4, 4, 0, '2021-01-23 17:36:07', '2021-01-23 17:36:07'),
(13, 2, 4, 3, 12, NULL, 36, NULL, 3, 17, NULL, NULL, NULL, '1100000000', 'LAPTOP+|BATTERY+|ACER+|TRAVELMATE P633+||14.8V 2600MAH-||BLACK-|N/A-||||', '2+|4+|3+|12+||36-||3-|17-||||', 1, 4, 4, 0, '2021-01-23 17:36:54', '2021-01-23 17:36:54'),
(14, 2, 4, 3, 13, NULL, 35, NULL, 3, 17, NULL, NULL, NULL, '1100000000', 'LAPTOP+|BATTERY+|ACER+|ASPIRE 3620+||11.1V 5200MAH-||BLACK-|N/A-||||', '2+|4+|3+|13+||35-||3-|17-||||', 1, 4, 4, 0, '2021-01-23 17:37:32', '2021-01-23 17:37:32'),
(15, 2, 4, 3, 14, NULL, 35, NULL, 3, 17, NULL, NULL, NULL, '1100000000', 'LAPTOP+|BATTERY+|ACER+|ASPIRE 4745+||11.1V 5200MAH-||BLACK-|N/A-||||', '2+|4+|3+|14+||35-||3-|17-||||', 1, 4, 4, 0, '2021-01-23 17:38:11', '2021-01-23 17:38:11'),
(16, 2, 4, 3, 15, NULL, 35, NULL, 3, 17, NULL, NULL, NULL, '1100000000', 'LAPTOP+|BATTERY+|ACER+|ASPIRE 5520+||11.1V 5200MAH-||BLACK-|N/A-||||', '2+|4+|3+|15+||35-||3-|17-||||', 1, 4, 4, 0, '2021-01-23 17:38:51', '2021-01-23 17:38:51'),
(17, 2, 4, 3, 16, NULL, 35, NULL, 3, 17, NULL, NULL, NULL, '1100000000', 'LAPTOP+|BATTERY+|ACER+|ASPIRE ONE 522+||11.1V 5200MAH-||BLACK-|N/A-||||', '2+|4+|3+|16+||35-||3-|17-||||', 1, 4, 4, 0, '2021-01-23 17:40:48', '2021-01-23 17:40:48'),
(18, 2, 4, 3, 19, NULL, 35, NULL, 3, 17, NULL, NULL, NULL, '1100000000', 'LAPTOP+|BATTERY+|ACER+|ASPIRE 4740+||11.1V 5200MAH-||BLACK-|N/A-||||', '2+|4+|3+|19+||35-||3-|17-||||', 1, 4, 4, 0, '2021-01-23 17:41:28', '2021-01-23 17:41:28'),
(19, 2, 4, 3, 796, NULL, 42, NULL, 3, 17, NULL, NULL, NULL, '1100000000', 'LAPTOP+|BATTERY+|ACER+|ASPIRE ES13-N16Q7+||11.4V 2600MAH-||BLACK-|N/A-||||', '2+|4+|3+|796+||42-||3-|17-||||', 1, 4, 4, 0, '2021-01-23 17:42:09', '2021-01-23 17:42:09'),
(20, 2, 4, 3, 23, NULL, 43, NULL, 3, 17, NULL, NULL, NULL, '1100000000', 'LAPTOP+|BATTERY+|ACER+|ASPIRE M5-481+||11.1V 4850MAH-||BLACK-|N/A-||||', '2+|4+|3+|23+||43-||3-|17-||||', 1, 4, 4, 0, '2021-01-23 17:42:52', '2021-01-23 17:42:52'),
(21, 2, 3, 3, 505, NULL, NULL, NULL, 3, 17, NULL, NULL, NULL, '1100000000', 'LAPTOP+|KEYBOARD+|ACER+|ASPIRE 4736Z+||||BLACK-|N/A-||||', '2+|3+|3+|505+||||3-|17-||||', 1, 2, 2, 0, '2021-01-24 23:07:46', '2021-01-24 23:11:56'),
(22, 2, 3, 3, 505, NULL, NULL, NULL, 6, 17, NULL, NULL, NULL, '1100000000', 'LAPTOP+|KEYBOARD+|ACER+|ASPIRE 4736Z+||||WHITE-|N/A-||||', '2+|3+|3+|505+||||6-|17-||||', 1, 2, 2, 0, '2021-01-24 23:08:31', '2021-01-24 23:08:31'),
(23, 2, 4, 4, 657, NULL, 1, NULL, 3, 17, NULL, NULL, NULL, '1100000000', 'LAPTOP+|BATTERY+|DELL+|INSPIRON 1012+||10.8V 5200MAH-||BLACK-|N/A-||||', '2+|4+|4+|657+||1-||3-|17-||||', 1, 2, 2, 0, '2021-01-25 22:49:26', '2021-01-25 22:49:26'),
(24, 4, 7, 1, 80, 204, NULL, NULL, 6, NULL, NULL, NULL, NULL, '1100010000', 'CELLPHONE+|ASSEMBLY+|APPLE+|IPHONE 4S+|N/A-|||WHITE+|||||', '4+|7+|1+|80+|204-|||6+|||||', 1, 2, 2, 0, '2021-01-26 02:57:34', '2021-01-26 02:57:34'),
(25, 3, 1, 1, 97, 204, NULL, 1, NULL, NULL, NULL, NULL, NULL, '1100000000', 'TABLET+|LCD+|APPLE+|IPHONE 11+|N/A-||10.1\"-||||||', '3+|1+|1+|97+|204-||1-||||||', 1, 2, 2, 0, '2021-01-26 23:05:04', '2021-01-26 23:05:04'),
(26, 2, 3, 3, 469, NULL, NULL, NULL, 3, 17, NULL, NULL, NULL, '1100000000', 'LAPTOP+|KEYBOARD+|ACER+|ASPIRE A315-51+||||BLACK-|N/A-||||', '2+|3+|3+|469+||||3-|17-||||', 1, 4, 4, 0, '2021-01-30 17:03:12', '2021-01-30 17:03:12'),
(27, 2, 3, 3, 471, NULL, NULL, NULL, 3, 17, NULL, NULL, NULL, '1100000000', 'LAPTOP+|KEYBOARD+|ACER+|ASPIRE 5510+||||BLACK-|N/A-||||', '2+|3+|3+|471+||||3-|17-||||', 1, 4, 4, 0, '2021-01-30 17:03:52', '2021-01-30 17:03:52'),
(28, 2, 3, 3, 472, NULL, NULL, NULL, 3, 17, NULL, NULL, NULL, '1100000000', 'LAPTOP+|KEYBOARD+|ACER+|ASPIRE E1-470+||||BLACK-|N/A-||||', '2+|3+|3+|472+||||3-|17-||||', 1, 4, 4, 0, '2021-01-30 17:04:33', '2021-01-30 17:04:33'),
(29, 2, 3, 3, 473, NULL, NULL, NULL, 3, 17, NULL, NULL, NULL, '1100000000', 'LAPTOP+|KEYBOARD+|ACER+|ASPIRE E1-522+||||BLACK-|N/A-||||', '2+|3+|3+|473+||||3-|17-||||', 1, 4, 4, 0, '2021-01-30 17:05:12', '2021-01-30 17:05:12'),
(30, 2, 3, 3, 474, NULL, NULL, NULL, 3, 23, NULL, NULL, NULL, '1100000000', 'LAPTOP+|KEYBOARD+|ACER+|ASPIRE E1-572+||||BLACK-|WITH FRAME-||||', '2+|3+|3+|474+||||3-|23-||||', 1, 4, 4, 0, '2021-01-30 17:05:55', '2021-01-30 17:05:55'),
(31, 2, 3, 3, 475, NULL, NULL, NULL, 3, 17, NULL, NULL, NULL, '1100000000', 'LAPTOP+|KEYBOARD+|ACER+|ASPIRE ES-15+||||BLACK-|N/A-||||', '2+|3+|3+|475+||||3-|17-||||', 1, 4, 4, 0, '2021-01-30 17:06:39', '2021-01-30 17:06:39'),
(32, 2, 3, 3, 476, NULL, NULL, NULL, 3, 17, NULL, NULL, NULL, '1100000000', 'LAPTOP+|KEYBOARD+|ACER+|ASPIRE F5-573G+||||BLACK-|N/A-||||', '2+|3+|3+|476+||||3-|17-||||', 1, 4, 4, 0, '2021-01-30 17:07:17', '2021-01-30 17:07:17'),
(33, 2, 3, 3, 477, NULL, NULL, NULL, 3, 22, NULL, NULL, NULL, '1100000000', 'LAPTOP+|KEYBOARD+|ACER+|ASPIRE M5-481T+||||BLACK-|WITH BACKLIGHT-||||', '2+|3+|3+|477+||||3-|22-||||', 1, 4, 4, 0, '2021-01-30 17:08:55', '2021-01-30 17:08:55'),
(34, 2, 3, 3, 478, NULL, NULL, NULL, 3, 17, NULL, NULL, NULL, '1100000000', 'LAPTOP+|KEYBOARD+|ACER+|ASPIRE ONE 14-Z1401+||||BLACK-|N/A-||||', '2+|3+|3+|478+||||3-|17-||||', 1, 4, 4, 0, '2021-01-30 17:09:32', '2021-01-30 17:09:32'),
(35, 2, 3, 3, 479, NULL, NULL, NULL, 3, 17, NULL, NULL, NULL, '1100000000', 'LAPTOP+|KEYBOARD+|ACER+|ASPIRE ONE C710+||||BLACK-|N/A-||||', '2+|3+|3+|479+||||3-|17-||||', 1, 4, 4, 0, '2021-01-30 17:10:03', '2021-01-30 17:10:03'),
(36, 2, 3, 3, 11, NULL, NULL, NULL, 3, 17, NULL, NULL, NULL, '1100000000', 'LAPTOP+|KEYBOARD+|ACER+|TRAVELMATE P246+||||BLACK-|N/A-||||', '2+|3+|3+|11+||||3-|17-||||', 1, 4, 4, 0, '2021-01-30 17:10:47', '2021-01-30 17:10:47'),
(37, 2, 3, 3, 39, NULL, NULL, NULL, 3, 17, NULL, NULL, NULL, '1100000000', 'LAPTOP+|KEYBOARD+|ACER+|ASPIRE R3-131T+||||BLACK-|N/A-||||', '2+|3+|3+|39+||||3-|17-||||', 1, 4, 4, 0, '2021-01-30 17:11:39', '2021-01-30 17:11:39'),
(38, 2, 3, 3, 7, NULL, NULL, NULL, 3, 22, NULL, NULL, NULL, '1100000000', 'LAPTOP+|KEYBOARD+|ACER+|ASPIRE R7-571+||||BLACK-|WITH BACKLIGHT-||||', '2+|3+|3+|7+||||3-|22-||||', 1, 4, 4, 0, '2021-01-30 17:12:16', '2021-01-30 17:12:16'),
(39, 2, 3, 3, 10, NULL, NULL, NULL, 3, 17, NULL, NULL, NULL, '1100000000', 'LAPTOP+|KEYBOARD+|ACER+|ASPIRE V5-122P+||||BLACK-|N/A-||||', '2+|3+|3+|10+||||3-|17-||||', 1, 4, 4, 0, '2021-01-30 17:12:52', '2021-01-30 17:12:52'),
(40, 2, 3, 3, 480, NULL, NULL, NULL, 3, 17, NULL, NULL, NULL, '1100000000', 'LAPTOP+|KEYBOARD+|ACER+|ASPIRE V5-ZHG+||||BLACK-|N/A-||||', '2+|3+|3+|480+||||3-|17-||||', 1, 4, 4, 0, '2021-01-30 17:13:29', '2021-01-30 17:13:29'),
(41, 2, 3, 3, 481, NULL, NULL, NULL, 3, 17, NULL, NULL, NULL, '1100000000', 'LAPTOP+|KEYBOARD+|ACER+|ASPIRE VN7-5916+||||BLACK-|N/A-||||', '2+|3+|3+|481+||||3-|17-||||', 1, 4, 4, 0, '2021-01-30 17:14:03', '2021-01-30 17:14:03'),
(42, 2, 3, 3, 482, NULL, NULL, NULL, 3, 17, NULL, NULL, NULL, '1100000000', 'LAPTOP+|KEYBOARD+|ACER+|TRAVELMATE P236M+||||BLACK-|N/A-||||', '2+|3+|3+|482+||||3-|17-||||', 1, 4, 4, 0, '2021-01-30 17:14:42', '2021-01-30 17:14:42'),
(43, 2, 3, 3, 483, NULL, NULL, NULL, 3, 17, NULL, NULL, NULL, '1100000000', 'LAPTOP+|KEYBOARD+|ACER+|TRAVELMATE P256M+||||BLACK-|N/A-||||', '2+|3+|3+|483+||||3-|17-||||', 1, 4, 4, 0, '2021-01-30 17:15:17', '2021-01-30 17:15:17'),
(44, 2, 3, 3, 484, NULL, NULL, NULL, 3, 17, NULL, NULL, NULL, '1100000000', 'LAPTOP+|KEYBOARD+|ACER+|ASPIRE ES1-512+||||BLACK-|N/A-||||', '2+|3+|3+|484+||||3-|17-||||', 1, 4, 4, 0, '2021-01-30 17:17:54', '2021-01-30 17:17:54'),
(45, 2, 3, 3, 485, NULL, NULL, NULL, 3, 17, NULL, NULL, NULL, '1100000000', 'LAPTOP+|KEYBOARD+|ACER+|ASPIRE 3-A315-41+||||BLACK-|N/A-||||', '2+|3+|3+|485+||||3-|17-||||', 1, 4, 4, 0, '2021-01-30 17:19:46', '2021-01-30 17:19:46'),
(46, 2, 3, 3, 486, NULL, NULL, NULL, 3, 17, NULL, NULL, NULL, '1100000000', 'LAPTOP+|KEYBOARD+|ACER+|SWIFT 314-54G+||||BLACK-|N/A-||||', '2+|3+|3+|486+||||3-|17-||||', 1, 4, 4, 0, '2021-01-30 17:20:24', '2021-01-30 17:20:24'),
(47, 2, 3, 3, 487, NULL, NULL, NULL, 3, 17, NULL, NULL, NULL, '1100000000', 'LAPTOP+|KEYBOARD+|ACER+|TRAVELMATE TM633+||||BLACK-|N/A-||||', '2+|3+|3+|487+||||3-|17-||||', 1, 4, 4, 0, '2021-01-30 17:21:02', '2021-01-30 17:21:02'),
(48, 2, 3, 3, 52, NULL, NULL, NULL, 3, 17, NULL, NULL, NULL, '1100000000', 'LAPTOP+|KEYBOARD+|ACER+|ASPIRE ONE 725+||||BLACK-|N/A-||||', '2+|3+|3+|52+||||3-|17-||||', 1, 4, 4, 0, '2021-01-30 17:25:12', '2021-01-30 17:25:12'),
(49, 2, 3, 3, 488, NULL, NULL, NULL, 3, 17, NULL, NULL, NULL, '1100000000', 'LAPTOP+|KEYBOARD+|ACER+|ASPIRE 4755G+||||BLACK-|N/A-||||', '2+|3+|3+|488+||||3-|17-||||', 1, 4, 4, 0, '2021-01-30 17:25:59', '2021-01-30 17:25:59'),
(50, 2, 46, 16, 428, NULL, NULL, NULL, NULL, NULL, NULL, NULL, NULL, '1100000000', 'LAPTOP+|FLEX CABLE+|SAMSUNG+|NP300E4A+|||||||||', '2+|46+|16+|428+|||||||||', 1, 2, 2, 0, '2021-01-30 17:33:13', '2021-01-30 17:33:13'),
(51, 2, 5, 4, 656, NULL, NULL, NULL, NULL, NULL, NULL, NULL, NULL, '1100000000', 'LAPTOP+|INVERTER+|DELL+|INSPIRON 11-3000+|||||||||', '2+|5+|4+|656+|||||||||', 1, 2, 2, 0, '2021-01-31 13:58:42', '2021-01-31 13:58:42');

-- --------------------------------------------------------

--
-- Table structure for table `sub_models`
--

CREATE TABLE `sub_models` (
  `id` bigint(20) UNSIGNED NOT NULL,
  `description` varchar(255) COLLATE utf8mb4_unicode_ci NOT NULL,
  `status` int(11) NOT NULL COMMENT '1=Active; 2=Archived',
  `created_by` bigint(20) UNSIGNED NOT NULL,
  `last_updated_by` bigint(20) UNSIGNED NOT NULL,
  `logdel` tinyint(4) NOT NULL DEFAULT 0,
  `created_at` timestamp NULL DEFAULT NULL,
  `updated_at` timestamp NULL DEFAULT NULL
) ENGINE=InnoDB DEFAULT CHARSET=utf8mb4 COLLATE=utf8mb4_unicode_ci;

--
-- Dumping data for table `sub_models`
--

INSERT INTO `sub_models` (`id`, `description`, `status`, `created_by`, `last_updated_by`, `logdel`, `created_at`, `updated_at`) VALUES
(1, 'X013D', 1, 2, 2, 0, '2020-09-21 15:05:31', '2020-09-21 15:05:31'),
(2, 'ZB601KL', 1, 2, 2, 0, '2020-09-21 15:05:37', '2020-09-21 15:05:37'),
(3, 'ZC520TL', 1, 2, 2, 0, '2020-09-21 15:05:43', '2020-09-21 15:05:43'),
(4, 'ZC501KL', 1, 2, 2, 0, '2020-09-21 15:07:22', '2020-09-21 15:07:22'),
(5, 'ZE553KL', 1, 2, 2, 0, '2020-09-21 15:07:29', '2020-09-21 15:07:29'),
(6, 'T00J', 1, 2, 2, 0, '2020-09-21 15:07:34', '2020-09-21 15:07:34'),
(7, 'ZC500TG', 1, 2, 2, 0, '2020-09-21 15:07:38', '2020-09-21 15:07:38'),
(8, 'A007', 1, 2, 2, 0, '2020-09-21 15:07:52', '2020-09-21 15:07:52'),
(9, 'ZB633KL', 1, 2, 2, 0, '2020-09-21 15:07:59', '2020-09-21 15:07:59'),
(10, 'X017DA', 1, 2, 2, 0, '2020-09-21 15:08:02', '2020-09-21 15:08:02'),
(11, 'ZC553KL', 1, 2, 2, 0, '2020-09-21 15:08:09', '2020-09-21 15:08:09'),
(12, 'ZE601KL', 1, 2, 2, 0, '2020-09-21 15:08:20', '2020-09-21 15:08:20'),
(13, 'ZD551KL', 1, 2, 2, 0, '2020-09-21 15:08:26', '2020-09-21 15:08:26'),
(14, 'Z8570TL', 1, 2, 2, 0, '2020-09-21 15:08:32', '2020-09-21 15:08:32'),
(15, 'ZC550KL', 1, 2, 2, 0, '2020-09-21 15:08:37', '2020-09-21 15:08:37'),
(16, 'ZB631KL', 1, 2, 2, 0, '2020-09-21 15:08:49', '2020-09-21 15:08:49'),
(17, 'ZB602KL', 1, 2, 2, 0, '2020-09-21 15:08:53', '2020-09-21 15:08:53'),
(18, 'X014D', 1, 2, 2, 0, '2020-09-21 15:08:56', '2020-09-21 15:08:56'),
(19, 'ZE620KL', 1, 2, 2, 0, '2020-09-21 15:09:03', '2020-09-21 15:09:21'),
(20, 'ZD552KL', 1, 2, 2, 0, '2020-09-21 15:10:06', '2020-09-21 15:10:06'),
(21, 'ZS551KL', 1, 2, 2, 0, '2020-09-21 15:10:13', '2020-09-21 15:10:13'),
(22, 'ZC554KL', 1, 2, 2, 0, '2020-09-21 15:10:17', '2020-09-21 15:10:17'),
(23, 'ZC520KL', 1, 2, 2, 0, '2020-09-21 15:10:23', '2020-09-21 15:10:23'),
(24, 'BLL-L22', 1, 2, 2, 0, '2020-09-21 18:00:35', '2020-09-21 18:00:35'),
(25, 'KJM-LX1', 1, 2, 2, 0, '2020-09-21 18:00:44', '2020-09-21 18:00:44'),
(26, 'RNE-L22', 1, 2, 2, 0, '2020-09-21 18:04:37', '2020-09-21 18:04:37'),
(27, 'LDB-LX2', 1, 2, 2, 0, '2020-09-21 18:05:02', '2020-09-21 18:05:02'),
(28, 'MHA-L09', 1, 2, 2, 0, '2020-09-21 18:05:12', '2020-09-21 18:05:12'),
(29, 'BAC-L21', 1, 2, 2, 0, '2020-09-21 18:05:28', '2020-09-21 18:05:28'),
(30, 'VKY-L09', 1, 2, 2, 0, '2020-09-21 18:05:41', '2020-09-21 18:05:41'),
(31, 'MT7-L09', 1, 2, 2, 0, '2020-09-21 18:05:53', '2020-09-21 18:05:53'),
(32, 'S8-50', 1, 2, 2, 0, '2020-09-21 18:06:50', '2020-09-21 18:06:50'),
(33, 'E960', 1, 2, 2, 0, '2020-09-21 18:08:36', '2020-09-21 18:08:36'),
(34, 'K350Z', 1, 2, 2, 0, '2020-09-21 18:08:40', '2020-09-21 18:08:40'),
(35, 'X230', 1, 2, 2, 0, '2020-09-21 18:08:43', '2020-09-21 18:08:43'),
(36, 'MP260', 1, 2, 2, 0, '2020-09-21 18:08:47', '2020-09-21 18:08:47'),
(37, 'K430DS', 1, 2, 2, 0, '2020-09-21 18:09:12', '2020-09-21 18:09:12'),
(38, 'H5540', 1, 2, 2, 0, '2020-09-21 18:09:27', '2020-09-21 18:09:27'),
(39, 'D802', 1, 2, 2, 0, '2020-09-21 18:09:31', '2020-09-21 18:09:31'),
(40, 'TA-1020', 1, 2, 2, 0, '2020-09-21 19:18:53', '2020-09-21 19:18:53'),
(41, 'TA-1043', 1, 2, 2, 0, '2020-09-21 19:19:05', '2020-09-21 19:19:05'),
(42, 'TA-1063', 1, 2, 2, 0, '2020-09-21 19:19:15', '2020-09-21 19:19:15'),
(43, 'TA-1045', 1, 2, 2, 0, '2020-09-21 19:19:21', '2020-09-21 19:19:21'),
(44, 'C9000', 1, 2, 2, 0, '2020-09-21 21:12:11', '2020-09-21 21:12:11'),
(45, 'SM-A505F', 1, 2, 2, 0, '2020-09-21 21:12:16', '2020-09-21 21:12:16'),
(46, 'SM-A10S', 1, 2, 2, 0, '2020-09-21 21:13:03', '2020-09-21 21:13:03'),
(47, 'SM-A750F', 1, 2, 2, 0, '2020-09-21 21:13:23', '2020-09-21 21:13:23'),
(48, 'SM-G928F', 1, 2, 2, 0, '2020-09-21 21:13:35', '2020-09-21 21:13:35'),
(49, 'SM-G935F', 1, 2, 2, 0, '2020-09-21 21:13:56', '2020-09-21 21:13:56'),
(50, 'A920F', 1, 2, 2, 0, '2020-09-21 21:14:42', '2020-09-21 21:14:42'),
(51, 'SM-N920C', 1, 2, 2, 0, '2020-09-21 21:14:49', '2020-09-21 21:15:16'),
(52, 'SM-J710F', 1, 2, 2, 0, '2020-09-21 21:15:35', '2020-09-21 21:15:35'),
(53, 'SM-J415', 1, 2, 2, 0, '2020-09-21 21:15:38', '2020-09-21 21:16:41'),
(54, 'SM-J400F', 1, 2, 2, 0, '2020-09-21 21:15:43', '2020-09-21 21:16:50'),
(55, 'SM-J805F', 1, 2, 2, 0, '2020-09-21 21:15:58', '2020-09-21 21:17:00'),
(56, 'SM-A107F', 1, 2, 2, 0, '2020-09-21 21:17:22', '2020-09-21 21:17:22'),
(57, 'SM-A705F', 1, 2, 2, 0, '2020-09-21 21:17:30', '2020-09-21 21:17:30'),
(58, 'SM-J730F', 1, 2, 2, 0, '2020-09-21 21:17:37', '2020-09-21 21:17:37'),
(59, 'SM-G955F', 1, 2, 2, 0, '2020-09-21 21:17:48', '2020-09-21 21:17:48'),
(60, 'SM-G610', 1, 2, 2, 0, '2020-09-21 21:18:01', '2020-09-21 21:18:01'),
(61, 'SM-A205F', 1, 2, 2, 0, '2020-09-21 21:18:05', '2020-09-21 21:18:05'),
(62, 'AM-A720F', 1, 2, 2, 0, '2020-09-21 21:18:12', '2020-09-21 21:18:12'),
(63, 'SM-E700H', 1, 2, 2, 0, '2020-09-21 21:18:23', '2020-09-21 21:18:23'),
(64, 'SM-J701F', 1, 2, 2, 0, '2020-09-21 21:18:31', '2020-09-21 21:18:31'),
(65, 'SM-J737', 1, 2, 2, 0, '2020-09-21 21:18:37', '2020-09-21 21:18:37'),
(66, 'SM-A730F', 1, 2, 2, 0, '2020-09-21 21:18:45', '2020-09-21 21:18:45'),
(67, 'SM-G950F', 1, 2, 2, 0, '2020-09-21 21:18:51', '2020-09-21 21:18:51'),
(68, 'SM-J610', 1, 2, 2, 0, '2020-09-21 21:19:09', '2020-09-21 21:19:09'),
(69, 'SM-J600F', 1, 2, 2, 0, '2020-09-21 21:19:16', '2020-09-21 21:19:16'),
(70, 'SM-M105', 1, 2, 2, 0, '2020-09-21 21:19:20', '2020-09-21 21:19:20'),
(71, 'SM-A207F', 1, 2, 2, 0, '2020-09-21 21:19:42', '2020-09-21 21:19:42'),
(72, 'SM-C5010', 1, 2, 2, 0, '2020-09-21 21:19:47', '2020-09-21 21:19:47'),
(73, 'SM-G930F', 1, 2, 2, 0, '2020-09-21 21:19:59', '2020-09-21 21:19:59'),
(74, 'SM-G925F', 1, 2, 2, 0, '2020-09-21 21:20:08', '2020-09-21 21:20:08'),
(75, 'I9500', 1, 2, 2, 0, '2020-09-21 21:20:13', '2020-09-21 21:20:13'),
(76, '-N900A', 1, 2, 2, 0, '2020-09-21 21:20:18', '2020-09-21 21:20:18'),
(77, 'I9205', 1, 2, 2, 0, '2020-09-21 21:20:24', '2020-09-21 21:20:24'),
(78, 'SM-G611', 1, 2, 2, 0, '2020-09-21 21:20:30', '2020-09-21 21:20:30'),
(79, 'F3115', 1, 2, 2, 0, '2020-09-22 18:59:27', '2020-09-22 18:59:27'),
(80, 'E6603', 1, 2, 2, 0, '2020-09-22 18:59:30', '2020-09-22 18:59:30'),
(81, 'C6802', 1, 2, 2, 0, '2020-09-22 18:59:36', '2020-09-22 18:59:36'),
(82, 'E6553', 1, 2, 2, 0, '2020-09-22 18:59:55', '2020-09-22 18:59:55'),
(83, 'D6603', 1, 2, 2, 0, '2020-09-22 19:00:00', '2020-09-22 19:00:00'),
(84, 'D6502', 1, 2, 2, 0, '2020-09-22 19:00:05', '2020-09-22 19:00:05'),
(85, 'D6902', 1, 2, 2, 0, '2020-09-22 19:01:20', '2020-09-22 19:01:20'),
(86, 'XL39', 1, 2, 2, 0, '2020-09-22 19:01:25', '2020-09-22 19:01:25'),
(87, 'LT361', 1, 2, 2, 0, '2020-09-22 19:01:46', '2020-09-22 19:01:46'),
(88, 'G8141', 1, 2, 2, 0, '2020-09-22 19:01:50', '2020-09-22 19:01:50'),
(89, 'H4133', 1, 2, 2, 0, '2020-09-22 19:01:55', '2020-09-22 19:01:55'),
(90, 'G3221', 1, 2, 2, 0, '2020-09-22 19:01:58', '2020-09-22 19:01:58'),
(91, 'F3212', 1, 2, 2, 0, '2020-09-22 19:02:10', '2020-09-22 19:02:10'),
(92, 'F5122', 1, 2, 2, 0, '2020-09-22 19:02:13', '2020-09-22 19:02:13'),
(93, 'E5363', 1, 2, 2, 0, '2020-09-22 19:02:18', '2020-09-22 19:02:18'),
(94, 'D2502', 1, 2, 2, 0, '2020-09-22 19:02:22', '2020-09-22 19:02:22'),
(95, 'Z301M', 1, 2, 2, 0, '2020-09-22 19:10:20', '2020-09-22 19:10:20'),
(96, 'AGS-L09', 1, 2, 2, 0, '2020-09-22 19:50:25', '2020-09-22 19:50:25'),
(97, 'T1-701', 1, 2, 2, 0, '2020-09-22 19:50:34', '2020-09-22 19:50:34'),
(98, 'PB2-650M', 1, 2, 2, 0, '2020-09-22 19:51:09', '2020-09-22 19:51:09'),
(99, 'A7-30', 1, 2, 2, 0, '2020-09-22 19:51:13', '2020-09-22 19:51:13'),
(100, 'P355', 1, 2, 2, 0, '2020-09-22 19:54:19', '2020-09-22 19:54:19'),
(101, 'SM-T230', 1, 2, 2, 0, '2020-09-22 19:54:25', '2020-09-22 19:54:25'),
(102, 'SM-T561', 1, 2, 2, 0, '2020-09-22 19:54:30', '2020-09-22 19:54:30'),
(103, 'TM-T815', 1, 2, 2, 0, '2020-09-22 19:54:42', '2020-09-22 19:54:42'),
(104, 'SM-T285', 1, 2, 2, 0, '2020-09-22 19:54:48', '2020-09-22 19:54:48'),
(105, 'SM-P600', 1, 2, 2, 0, '2020-09-22 19:55:02', '2020-09-22 19:55:02'),
(106, 'SM-T231', 1, 2, 2, 0, '2020-09-22 19:55:07', '2020-09-22 19:55:07'),
(107, 'SM-T3777', 1, 2, 2, 0, '2020-09-22 19:55:13', '2020-09-22 19:55:13'),
(108, 'SGP521', 1, 2, 2, 0, '2020-09-22 19:59:51', '2020-09-22 19:59:51'),
(109, 'B101AW06', 1, 2, 2, 0, '2020-09-23 19:45:20', '2020-09-23 19:45:20'),
(110, 'B125XW01 V.0', 1, 2, 2, 0, '2020-09-23 19:45:26', '2020-09-23 19:45:26'),
(111, 'B116XW03', 1, 2, 2, 0, '2020-09-23 19:45:31', '2020-09-23 19:45:31'),
(112, 'B133XTN01.3', 1, 2, 2, 0, '2020-09-23 19:45:43', '2020-09-23 19:45:43'),
(113, 'B133HAN04.2', 1, 2, 2, 0, '2020-09-23 19:45:47', '2020-09-23 19:45:47'),
(114, 'B133HAN02.7', 1, 2, 2, 0, '2020-09-23 19:45:51', '2020-09-23 19:45:51'),
(115, 'B133XTN01.5', 1, 2, 2, 0, '2020-09-23 19:46:00', '2020-09-23 19:46:00'),
(116, 'B140XTN03.9', 1, 2, 2, 0, '2020-09-23 19:46:08', '2020-09-23 19:46:08'),
(117, 'B140XTN02.E', 1, 2, 2, 0, '2020-09-23 19:46:15', '2020-09-23 19:46:15'),
(118, 'B140XTN03.6', 1, 2, 2, 0, '2020-09-23 19:46:41', '2020-09-23 19:46:41'),
(119, 'B140QAN01.0', 1, 2, 2, 0, '2020-09-23 19:46:48', '2020-09-23 19:46:48'),
(120, 'B156HTN03.2', 1, 2, 2, 0, '2020-09-23 19:46:54', '2020-09-23 19:46:54'),
(121, 'B156XTN04.2', 1, 2, 2, 0, '2020-09-23 19:47:00', '2020-09-23 19:47:00'),
(122, 'B156XW04', 1, 2, 2, 0, '2020-09-23 19:47:07', '2020-09-23 19:47:07'),
(123, 'B156XW03', 1, 2, 2, 0, '2020-09-23 19:47:11', '2020-09-23 19:47:11'),
(124, 'N156HAN02', 1, 2, 2, 0, '2020-09-23 19:48:20', '2020-09-23 19:48:20'),
(125, 'B131RW02', 1, 2, 2, 0, '2020-09-23 19:49:07', '2020-09-23 19:49:07'),
(126, 'B156XW02 V.1', 1, 2, 2, 0, '2020-09-23 19:49:13', '2020-09-23 19:49:13'),
(127, 'B125XW01', 1, 2, 2, 0, '2020-09-23 19:49:24', '2020-09-23 19:49:24'),
(128, 'B140XW01', 1, 2, 2, 0, '2020-09-23 19:49:48', '2020-09-23 19:49:48'),
(129, 'B140RW03', 1, 2, 2, 0, '2020-09-23 19:49:53', '2020-09-23 19:49:53'),
(130, 'NT116WHM-N21', 1, 2, 2, 0, '2020-09-23 19:51:19', '2020-09-23 19:51:19'),
(131, 'NV140FHM-N49', 1, 2, 2, 0, '2020-09-23 19:51:31', '2020-09-23 19:51:31'),
(132, 'NT140WHM-N44', 1, 2, 2, 0, '2020-09-23 19:51:36', '2020-09-23 19:51:36'),
(133, 'NT140WHM-N43', 1, 2, 2, 0, '2020-09-23 19:51:41', '2020-09-23 19:51:41'),
(134, 'NV140FHM-N48', 1, 2, 2, 0, '2020-09-23 19:51:46', '2020-09-23 19:51:46'),
(135, 'NT140WHM-N31', 1, 2, 2, 0, '2020-09-23 19:51:50', '2020-09-23 19:51:50'),
(136, 'NV140FHM-N4B', 1, 2, 2, 0, '2020-09-23 19:52:02', '2020-09-23 19:52:02'),
(137, 'NT140WHM-N34', 1, 2, 2, 0, '2020-09-23 19:52:04', '2020-09-23 19:52:04'),
(138, 'N140WHM-N44', 1, 2, 2, 0, '2020-09-23 19:52:13', '2020-09-23 19:52:13'),
(139, 'NV140FHM-N62', 1, 2, 2, 0, '2020-09-23 19:52:34', '2020-09-23 19:52:34'),
(140, 'NV140FHM-N3K', 1, 2, 2, 0, '2020-09-23 19:52:39', '2020-09-23 19:52:39'),
(141, 'HB140WX1-100', 1, 2, 2, 0, '2020-09-23 19:52:45', '2020-09-23 19:52:45'),
(142, 'HT140WXB-100', 1, 2, 2, 0, '2020-09-23 19:52:50', '2020-09-23 19:52:50'),
(143, 'HB140WX1-300', 1, 2, 2, 0, '2020-09-23 19:53:03', '2020-09-23 19:53:03'),
(144, 'NT140WHM-N41', 1, 2, 2, 0, '2020-09-23 19:53:09', '2020-09-23 19:53:09'),
(145, 'NT156WHM-N32', 1, 2, 2, 0, '2020-09-23 19:53:15', '2020-09-23 19:53:15'),
(146, 'HB156FH1-301', 1, 2, 2, 0, '2020-09-23 19:53:20', '2020-09-23 19:53:20'),
(147, 'NT156WHM-N45', 1, 2, 2, 0, '2020-09-23 19:53:36', '2020-09-23 19:53:36'),
(148, 'NV156FHM-N49', 1, 2, 2, 0, '2020-09-23 19:53:45', '2020-09-23 19:53:45'),
(149, 'NT156WHM-N10', 1, 2, 2, 0, '2020-09-23 19:54:05', '2020-09-23 19:54:05'),
(150, 'NT156FHM-N61', 1, 2, 2, 0, '2020-09-23 19:54:10', '2020-09-23 19:54:10'),
(151, 'NT156EHM-N50', 1, 2, 2, 0, '2020-09-23 19:54:21', '2020-09-23 19:54:21'),
(152, 'NT156WHM-N50', 1, 2, 2, 0, '2020-09-23 19:58:49', '2020-09-23 19:58:49'),
(153, 'NV173FHM-N31', 1, 2, 2, 0, '2020-09-23 20:00:17', '2020-09-23 20:00:17'),
(154, 'NV150FHB-N31', 1, 2, 2, 0, '2020-09-23 20:00:26', '2020-09-23 20:00:26'),
(155, 'HB133WX1-402', 1, 2, 2, 0, '2020-09-23 20:00:32', '2020-09-23 20:00:32'),
(156, 'N140B6-L02', 1, 2, 2, 0, '2020-09-23 20:00:50', '2020-09-23 20:00:50'),
(157, 'N140BGE-L21', 1, 2, 2, 0, '2020-09-23 20:00:54', '2020-09-23 20:00:54'),
(158, 'N140BGE-L22', 1, 2, 2, 0, '2020-09-23 20:00:57', '2020-09-23 20:00:57'),
(159, 'N140BGE-L23', 1, 2, 2, 0, '2020-09-23 20:01:01', '2020-09-23 20:01:01'),
(160, 'BT140GW01', 1, 2, 2, 0, '2020-09-23 20:01:05', '2020-09-23 20:01:05'),
(161, 'N140BGA-EB3', 1, 2, 2, 0, '2020-09-23 20:01:20', '2020-09-23 20:01:20'),
(162, 'N173FGE-E13', 1, 2, 2, 0, '2020-09-23 20:01:32', '2020-09-23 20:01:32'),
(163, 'N173HGE-L11', 1, 2, 2, 0, '2020-09-23 20:01:41', '2020-09-23 20:01:41'),
(164, 'N17306-L02', 1, 2, 2, 0, '2020-09-23 20:01:44', '2020-09-23 20:01:44'),
(165, 'N156HHE-GA1', 1, 2, 2, 0, '2020-09-23 20:03:12', '2020-09-23 20:03:12'),
(166, 'N156BGA-EB2', 1, 2, 2, 0, '2020-09-23 20:03:17', '2020-09-23 20:03:17'),
(167, 'N156HCEEBA', 1, 2, 2, 0, '2020-09-23 20:03:34', '2020-09-23 20:03:34'),
(168, 'N156BGA-EA3', 1, 2, 2, 0, '2020-09-23 20:03:37', '2020-09-23 20:03:37'),
(169, 'N140BGE-L43', 1, 2, 2, 0, '2020-09-23 20:04:08', '2020-09-23 20:04:08'),
(170, 'N140BG6-L02', 1, 2, 2, 0, '2020-09-23 20:04:26', '2020-09-23 20:04:26'),
(171, 'N133FGE-L31', 1, 2, 2, 0, '2020-09-23 20:06:47', '2020-09-23 20:06:47'),
(172, 'N133HCE-GP1', 1, 2, 2, 0, '2020-09-23 20:06:54', '2020-09-23 20:06:54'),
(173, 'N133BGE-EAB', 1, 2, 2, 0, '2020-09-23 20:07:14', '2020-09-23 20:07:14'),
(174, 'N101LGE-L11', 1, 2, 2, 0, '2020-09-23 20:07:30', '2020-09-23 20:07:30'),
(175, 'CLAA133WB01A', 1, 2, 2, 0, '2020-09-23 20:07:48', '2020-09-23 20:07:48'),
(176, 'HSD121PHW1', 1, 2, 2, 0, '2020-09-23 20:08:07', '2020-09-23 20:08:07'),
(177, 'HSD173PUW1', 1, 2, 2, 0, '2020-09-23 20:08:22', '2020-09-23 20:08:22'),
(178, 'HSD140PHW1', 1, 2, 2, 0, '2020-09-23 20:08:31', '2020-09-23 20:08:31'),
(179, 'P101NWT2', 1, 2, 2, 0, '2020-09-23 20:08:49', '2020-09-23 20:08:49'),
(180, 'LP173WF4 (SP)(F5)', 1, 2, 2, 0, '2020-09-23 20:09:11', '2020-09-23 20:09:11'),
(181, 'LP140WT-8 SP P2', 1, 2, 2, 0, '2020-09-23 20:09:20', '2020-09-23 20:09:20'),
(182, 'LP133WH2(TL)(F2)', 1, 2, 2, 0, '2020-09-23 20:09:29', '2020-09-23 20:09:29'),
(183, 'LP173WF4(SP)(F1)', 1, 2, 2, 0, '2020-09-23 20:09:36', '2020-09-23 20:09:36'),
(184, 'LP156UD1 (SP)(B1)', 1, 2, 2, 0, '2020-09-23 20:09:43', '2020-09-23 20:09:43'),
(185, 'LP156WF9 (SP)(L1)', 1, 2, 2, 0, '2020-09-23 20:09:54', '2020-09-23 20:09:54'),
(186, 'LP156WF4 (SP)(H3)', 1, 2, 2, 0, '2020-09-23 20:10:04', '2020-09-23 20:10:04'),
(187, 'LP159WF9 (SP)(C1)', 1, 2, 2, 0, '2020-09-23 20:10:10', '2020-09-23 20:10:10'),
(188, 'LP156WH2 (TL)(B1)', 1, 2, 2, 0, '2020-09-23 20:10:23', '2020-09-23 20:10:23'),
(189, 'LP156WH1 TL C1', 1, 2, 2, 0, '2020-09-23 20:12:23', '2020-09-23 20:12:23'),
(190, 'F2140WH6-B21AH1-A', 1, 2, 2, 0, '2020-09-23 20:12:37', '2020-09-23 20:12:37'),
(191, 'LP145WH1 (TL) (B1)', 1, 2, 2, 0, '2020-09-23 20:12:54', '2020-09-23 20:12:54'),
(192, 'LP145WH1 (TL) (A1)', 1, 2, 2, 0, '2020-09-23 20:13:07', '2020-09-23 20:13:07'),
(193, 'LP140WH1 (TL) (A1)', 1, 2, 2, 0, '2020-09-23 20:13:32', '2020-09-23 20:13:32'),
(194, 'LP140WH4 (TL) (N1)', 1, 2, 2, 0, '2020-09-23 20:13:44', '2020-09-23 20:13:44'),
(195, 'LP140WH1 (TL) (A2)', 1, 2, 2, 0, '2020-09-23 20:14:55', '2020-09-23 20:14:55'),
(196, 'LP140WH1 (TL )(C3)', 1, 2, 2, 0, '2020-09-23 20:15:08', '2020-09-23 20:15:08'),
(197, 'LP140WH4 (TL) (N2)', 1, 2, 2, 0, '2020-09-23 20:15:20', '2020-09-23 20:15:20'),
(198, 'LP140WH1 (TL) (C1)', 1, 2, 2, 0, '2020-09-23 20:15:47', '2020-09-23 20:15:47'),
(199, 'LP140WH1 (TL)(D3)', 1, 2, 2, 0, '2020-09-23 20:15:58', '2020-09-23 20:15:58'),
(200, 'LTN140AT07', 1, 2, 2, 0, '2020-09-23 20:16:46', '2020-09-23 20:16:46'),
(201, 'LQ133K1LD4B', 1, 2, 2, 0, '2020-09-23 20:16:55', '2020-09-23 20:16:55'),
(202, 'LQ133M1JW15-E', 1, 2, 2, 0, '2020-09-23 20:17:01', '2020-09-23 20:17:01'),
(203, 'LTD133EV1F', 1, 2, 2, 0, '2020-09-23 20:19:45', '2020-09-23 20:19:45'),
(204, 'N/A', 1, 4, 4, 0, '2020-09-26 15:07:00', '2020-09-26 15:07:00');

-- --------------------------------------------------------

--
-- Table structure for table `suppliers`
--

CREATE TABLE `suppliers` (
  `id` bigint(20) UNSIGNED NOT NULL,
  `description` varchar(255) COLLATE utf8mb4_unicode_ci NOT NULL,
  `address` text COLLATE utf8mb4_unicode_ci DEFAULT NULL,
  `contact_no` varchar(255) COLLATE utf8mb4_unicode_ci DEFAULT NULL,
  `phone_no` varchar(255) COLLATE utf8mb4_unicode_ci DEFAULT NULL,
  `email` varchar(255) COLLATE utf8mb4_unicode_ci DEFAULT NULL,
  `status` int(11) NOT NULL COMMENT '1=Active; 2=Archived',
  `created_by` bigint(20) UNSIGNED NOT NULL,
  `last_updated_by` bigint(20) UNSIGNED NOT NULL,
  `logdel` tinyint(4) NOT NULL DEFAULT 0,
  `created_at` timestamp NULL DEFAULT NULL,
  `updated_at` timestamp NULL DEFAULT NULL
) ENGINE=InnoDB DEFAULT CHARSET=utf8mb4 COLLATE=utf8mb4_unicode_ci;

--
-- Dumping data for table `suppliers`
--

INSERT INTO `suppliers` (`id`, `description`, `address`, `contact_no`, `phone_no`, `email`, `status`, `created_by`, `last_updated_by`, `logdel`, `created_at`, `updated_at`) VALUES
(1, 'HK-NEB', NULL, NULL, NULL, NULL, 1, 2, 2, 0, '2020-09-26 14:11:04', '2020-09-26 14:11:04'),
(2, 'SHANIE', NULL, NULL, NULL, NULL, 1, 2, 2, 0, '2020-09-26 14:11:13', '2020-09-26 14:11:13'),
(3, 'KITTY', NULL, NULL, NULL, NULL, 1, 2, 2, 0, '2020-09-26 14:11:17', '2020-09-26 14:11:17'),
(4, 'SUKI', NULL, NULL, NULL, NULL, 1, 2, 2, 0, '2020-09-26 14:11:22', '2020-09-26 14:11:22'),
(5, 'LOCAL-Q', NULL, NULL, NULL, NULL, 1, 2, 2, 0, '2020-09-26 14:11:29', '2020-09-26 14:11:29'),
(6, 'ISS-EYAN', NULL, NULL, NULL, NULL, 1, 2, 2, 0, '2020-09-26 14:11:36', '2020-09-26 14:11:36'),
(7, 'WSI', NULL, NULL, NULL, NULL, 1, 2, 2, 0, '2020-09-26 14:11:39', '2020-09-26 14:11:39');

-- --------------------------------------------------------

--
-- Table structure for table `transaction_types`
--

CREATE TABLE `transaction_types` (
  `id` bigint(20) UNSIGNED NOT NULL,
  `description` varchar(255) COLLATE utf8mb4_unicode_ci NOT NULL,
  `status` int(11) NOT NULL COMMENT '1=Active; 2=Archived',
  `created_by` bigint(20) UNSIGNED NOT NULL,
  `last_updated_by` bigint(20) UNSIGNED NOT NULL,
  `logdel` tinyint(4) NOT NULL DEFAULT 0,
  `created_at` timestamp NULL DEFAULT NULL,
  `updated_at` timestamp NULL DEFAULT NULL
) ENGINE=InnoDB DEFAULT CHARSET=utf8mb4 COLLATE=utf8mb4_unicode_ci;

--
-- Dumping data for table `transaction_types`
--

INSERT INTO `transaction_types` (`id`, `description`, `status`, `created_by`, `last_updated_by`, `logdel`, `created_at`, `updated_at`) VALUES
(1, 'SVI', 1, 1, 1, 0, '2021-01-12 06:15:48', '2021-01-12 06:15:48'),
(2, 'SI', 1, 1, 1, 0, '2021-01-12 06:15:49', '2021-01-12 06:15:49'),
(3, 'Waranty Slip', 1, 1, 1, 0, '2021-01-12 06:16:00', '2021-01-12 06:16:00'),
(4, 'Job Order-CP', 1, 1, 1, 0, '2021-01-12 06:16:06', '2021-01-12 06:16:06'),
(5, 'Job Order (Service Invoice)', 1, 1, 1, 0, '2021-01-12 06:16:14', '2021-01-12 06:16:14');

-- --------------------------------------------------------

--
-- Table structure for table `types`
--

CREATE TABLE `types` (
  `id` bigint(20) UNSIGNED NOT NULL,
  `description` varchar(255) COLLATE utf8mb4_unicode_ci NOT NULL,
  `status` int(11) NOT NULL COMMENT '1=Active; 2=Archived',
  `created_by` bigint(20) UNSIGNED NOT NULL,
  `last_updated_by` bigint(20) UNSIGNED NOT NULL,
  `logdel` tinyint(4) NOT NULL DEFAULT 0,
  `created_at` timestamp NULL DEFAULT NULL,
  `updated_at` timestamp NULL DEFAULT NULL
) ENGINE=InnoDB DEFAULT CHARSET=utf8mb4 COLLATE=utf8mb4_unicode_ci;

--
-- Dumping data for table `types`
--

INSERT INTO `types` (`id`, `description`, `status`, `created_by`, `last_updated_by`, `logdel`, `created_at`, `updated_at`) VALUES
(1, 'LED THIN', 1, 2, 2, 0, '2020-09-21 21:57:46', '2020-09-21 21:57:46'),
(2, 'LED LCD', 1, 2, 2, 0, '2020-09-21 21:57:51', '2020-09-21 21:57:51'),
(3, 'WXGA LCD', 1, 2, 2, 0, '2020-09-21 21:59:16', '2020-09-21 21:59:16'),
(4, 'DDR2 5300', 1, 2, 2, 0, '2020-09-23 20:20:57', '2020-09-23 20:20:57'),
(5, 'DDR3 12800', 1, 2, 2, 0, '2020-09-23 20:22:02', '2020-09-23 20:22:02'),
(6, 'DDR3L 12800', 1, 2, 2, 0, '2020-09-23 20:22:16', '2020-09-23 20:22:16'),
(7, 'DDR3 10600', 1, 2, 2, 0, '2020-09-23 20:22:23', '2020-09-23 20:22:23'),
(8, 'DDR3L 10600', 1, 2, 2, 0, '2020-09-23 20:22:31', '2020-09-23 20:22:31'),
(9, 'DDR4 17000', 1, 2, 2, 0, '2020-09-23 20:22:38', '2020-09-23 20:22:38'),
(10, 'DDR4 21300', 1, 2, 2, 0, '2020-09-23 20:22:45', '2020-09-23 20:22:45'),
(11, 'DDR4 19200', 1, 2, 2, 0, '2020-09-23 20:22:52', '2020-09-23 20:22:52'),
(12, 'DDR3 8500', 1, 2, 2, 0, '2020-09-23 20:23:04', '2020-09-23 20:23:04'),
(13, 'DDR3 14900', 1, 2, 2, 0, '2020-09-23 20:23:13', '2020-09-23 20:23:13'),
(14, 'MULTI IDE REGULAR', 1, 2, 2, 0, '2020-09-23 20:25:56', '2020-09-23 20:25:56'),
(15, 'MULTI SATA SLIM', 1, 2, 2, 0, '2020-09-23 20:33:04', '2020-09-23 20:33:04'),
(16, 'MULTI SATA REGULAR', 1, 2, 2, 0, '2020-09-23 20:33:21', '2020-09-23 20:33:21'),
(17, 'N/A', 1, 4, 4, 0, '2020-09-26 15:08:36', '2020-09-26 15:08:36'),
(18, 'SATA', 2, 4, 4, 0, '2020-11-07 18:50:32', '2020-11-07 18:53:04'),
(19, 'WITH FLEX', 1, 4, 4, 0, '2020-11-07 19:24:24', '2020-11-07 19:24:24'),
(20, 'WITH CABLE', 1, 4, 4, 0, '2020-11-07 19:29:36', '2020-11-07 19:29:36'),
(21, '1 PAIR', 1, 4, 4, 0, '2020-11-07 20:29:24', '2020-11-07 20:29:24'),
(22, 'WITH BACKLIGHT', 1, 4, 4, 0, '2020-11-07 20:57:25', '2020-11-07 20:57:25'),
(23, 'WITH FRAME', 1, 4, 4, 0, '2020-11-22 21:07:16', '2020-11-22 21:07:16'),
(24, 'With back case', 1, 2, 2, 0, '2020-11-26 00:24:41', '2020-11-26 00:24:41'),
(25, '3 HOLES REGULAR', 1, 2, 2, 0, '2021-01-07 21:34:52', '2021-01-07 21:35:30'),
(26, '2 HOLES REGULAR', 1, 2, 2, 0, '2021-01-07 21:35:09', '2021-01-07 21:35:09');

-- --------------------------------------------------------

--
-- Table structure for table `users`
--

CREATE TABLE `users` (
  `id` bigint(20) UNSIGNED NOT NULL,
  `name` varchar(255) COLLATE utf8mb4_unicode_ci NOT NULL,
  `username` varchar(30) COLLATE utf8mb4_unicode_ci NOT NULL,
  `email` varchar(30) COLLATE utf8mb4_unicode_ci NOT NULL,
  `password` varchar(255) COLLATE utf8mb4_unicode_ci NOT NULL,
  `user_level` tinyint(4) NOT NULL COMMENT '1=Admin; 2=Encoder; 3=Branch Manager; 4=Branch Staff',
  `status` tinyint(4) NOT NULL DEFAULT 1 COMMENT '1=active; 2=deactivated; 3=disabled',
  `attempt` int(11) NOT NULL DEFAULT 0,
  `logdel` tinyint(4) NOT NULL DEFAULT 0,
  `remember_token` varchar(100) COLLATE utf8mb4_unicode_ci DEFAULT NULL,
  `created_at` timestamp NULL DEFAULT NULL,
  `updated_at` timestamp NULL DEFAULT NULL
) ENGINE=InnoDB DEFAULT CHARSET=utf8mb4 COLLATE=utf8mb4_unicode_ci;

--
-- Dumping data for table `users`
--

INSERT INTO `users` (`id`, `name`, `username`, `email`, `password`, `user_level`, `status`, `attempt`, `logdel`, `remember_token`, `created_at`, `updated_at`) VALUES
(1, 'Angelo Bautista', 'apbautista', 'angelob241@gmail.com', '$2y$10$n88pxtKvfDh.1FVs8cVAduUm4cf0FhasXBwEKTiQoLj4ZNGOboCaC', 1, 1, 0, 0, NULL, '2020-09-18 05:00:00', '2020-09-18 05:00:00'),
(2, 'Chelle Tenido', 'dhudz', 'csoabroad@gmail.com', '$2y$10$gMb4G0VfdZ3a.uJ2WNn.7O7zAYBXNB.tXLX6KXO58poQwCJHpPGii', 1, 1, 0, 0, NULL, '2020-09-19 04:24:20', '2021-01-07 15:26:32'),
(3, 'jhoana luz lo', 'jhoan', 'lojhoana@gmail.com', '$2y$10$F3G9WeqE3HuzgeMe7rF9eO3mTa4YieR7z11N9XaY/0yjM6Z/Lc.rq', 2, 1, 0, 0, NULL, '2020-09-21 13:32:38', '2020-09-21 21:00:28'),
(4, 'MA. LOUISE ANN RONDILLA', 'louise', 'csomakati2018@gmail.com', '$2y$10$LPScBhgPV.3VtPzkBKgoFefxPgpa5.LIBYQFGLX3PQAZDTfqCzxzi', 1, 1, 0, 0, NULL, '2020-09-21 21:01:24', '2021-01-07 21:47:29'),
(5, 'dhudzkie', 'dhudzkie', 'cso@yahoo.com', '$2y$10$9Nt52xwFzpsJyEk.eMXjb.f0YscCfz7./lGeF9PGELRBDhAn4.Wl2', 3, 1, 0, 0, NULL, '2021-01-11 14:51:35', '2021-01-16 02:26:29');

--
-- Indexes for dumped tables
--

--
-- Indexes for table `branches`
--
ALTER TABLE `branches`
  ADD PRIMARY KEY (`id`),
  ADD KEY `branches_created_by_foreign` (`created_by`),
  ADD KEY `branches_last_updated_by_foreign` (`last_updated_by`);

--
-- Indexes for table `branch_users`
--
ALTER TABLE `branch_users`
  ADD PRIMARY KEY (`id`),
  ADD KEY `branch_users_branch_id_foreign` (`branch_id`),
  ADD KEY `branch_users_user_id_foreign` (`user_id`),
  ADD KEY `branch_users_created_by_foreign` (`created_by`),
  ADD KEY `branch_users_last_updated_by_foreign` (`last_updated_by`);

--
-- Indexes for table `brands`
--
ALTER TABLE `brands`
  ADD PRIMARY KEY (`id`),
  ADD KEY `brands_created_by_foreign` (`created_by`),
  ADD KEY `brands_last_updated_by_foreign` (`last_updated_by`);

--
-- Indexes for table `btbs`
--
ALTER TABLE `btbs`
  ADD PRIMARY KEY (`id`),
  ADD KEY `btbs_from_branch_id_foreign` (`from_branch_id`),
  ADD KEY `btbs_branch_id_foreign` (`branch_id`),
  ADD KEY `btbs_delivery_stock_id_foreign` (`delivery_stock_id`),
  ADD KEY `btbs_transaction_type_id_foreign` (`transaction_type_id`),
  ADD KEY `btbs_created_by_foreign` (`created_by`),
  ADD KEY `btbs_last_updated_by_foreign` (`last_updated_by`);

--
-- Indexes for table `capacities`
--
ALTER TABLE `capacities`
  ADD PRIMARY KEY (`id`),
  ADD KEY `capacities_created_by_foreign` (`created_by`),
  ADD KEY `capacities_last_updated_by_foreign` (`last_updated_by`);

--
-- Indexes for table `categories`
--
ALTER TABLE `categories`
  ADD PRIMARY KEY (`id`),
  ADD KEY `categories_created_by_foreign` (`created_by`),
  ADD KEY `categories_last_updated_by_foreign` (`last_updated_by`);

--
-- Indexes for table `colors`
--
ALTER TABLE `colors`
  ADD PRIMARY KEY (`id`),
  ADD KEY `colors_created_by_foreign` (`created_by`),
  ADD KEY `colors_last_updated_by_foreign` (`last_updated_by`);

--
-- Indexes for table `connectors`
--
ALTER TABLE `connectors`
  ADD PRIMARY KEY (`id`),
  ADD KEY `connectors_created_by_foreign` (`created_by`),
  ADD KEY `connectors_last_updated_by_foreign` (`last_updated_by`);

--
-- Indexes for table `deliveries`
--
ALTER TABLE `deliveries`
  ADD PRIMARY KEY (`id`),
  ADD KEY `deliveries_branch_id_foreign` (`branch_id`),
  ADD KEY `deliveries_created_by_foreign` (`created_by`),
  ADD KEY `deliveries_last_updated_by_foreign` (`last_updated_by`);

--
-- Indexes for table `delivery_stocks`
--
ALTER TABLE `delivery_stocks`
  ADD PRIMARY KEY (`id`),
  ADD KEY `delivery_stocks_delivery_id_foreign` (`delivery_id`),
  ADD KEY `delivery_stocks_stock_id_foreign` (`stock_id`),
  ADD KEY `delivery_stocks_created_by_foreign` (`created_by`),
  ADD KEY `delivery_stocks_last_updated_by_foreign` (`last_updated_by`);

--
-- Indexes for table `devices`
--
ALTER TABLE `devices`
  ADD PRIMARY KEY (`id`),
  ADD KEY `devices_created_by_foreign` (`created_by`),
  ADD KEY `devices_last_updated_by_foreign` (`last_updated_by`);

--
-- Indexes for table `item_disableds`
--
ALTER TABLE `item_disableds`
  ADD PRIMARY KEY (`id`),
  ADD KEY `item_disableds_device_id_foreign` (`device_id`),
  ADD KEY `item_disableds_category_id_foreign` (`category_id`),
  ADD KEY `item_disableds_created_by_foreign` (`created_by`),
  ADD KEY `item_disableds_last_updated_by_foreign` (`last_updated_by`);

--
-- Indexes for table `item_registrations`
--
ALTER TABLE `item_registrations`
  ADD PRIMARY KEY (`id`),
  ADD KEY `item_registrations_reference_type_id_foreign` (`reference_type_id`),
  ADD KEY `item_registrations_supplier_id_foreign` (`supplier_id`),
  ADD KEY `item_registrations_device_id_foreign` (`device_id`),
  ADD KEY `item_registrations_category_id_foreign` (`category_id`),
  ADD KEY `item_registrations_created_by_foreign` (`created_by`),
  ADD KEY `item_registrations_last_updated_by_foreign` (`last_updated_by`),
  ADD KEY `item_registrations_pbb_id_foreign` (`pbb_id`),
  ADD KEY `item_registrations_branch_id_foreign` (`branch_id`);

--
-- Indexes for table `migrations`
--
ALTER TABLE `migrations`
  ADD PRIMARY KEY (`id`);

--
-- Indexes for table `models`
--
ALTER TABLE `models`
  ADD PRIMARY KEY (`id`),
  ADD KEY `models_created_by_foreign` (`created_by`),
  ADD KEY `models_last_updated_by_foreign` (`last_updated_by`);

--
-- Indexes for table `password_resets`
--
ALTER TABLE `password_resets`
  ADD PRIMARY KEY (`id`),
  ADD KEY `password_resets_user_id_foreign` (`user_id`);

--
-- Indexes for table `pbbs`
--
ALTER TABLE `pbbs`
  ADD PRIMARY KEY (`id`),
  ADD KEY `pbbs_branch_id_foreign` (`branch_id`),
  ADD KEY `pbbs_supplier_id_foreign` (`supplier_id`),
  ADD KEY `pbbs_reference_type_id_foreign` (`reference_type_id`),
  ADD KEY `pbbs_created_by_foreign` (`created_by`),
  ADD KEY `pbbs_last_updated_by_foreign` (`last_updated_by`);

--
-- Indexes for table `pins`
--
ALTER TABLE `pins`
  ADD PRIMARY KEY (`id`),
  ADD KEY `pins_created_by_foreign` (`created_by`),
  ADD KEY `pins_last_updated_by_foreign` (`last_updated_by`);

--
-- Indexes for table `reference_types`
--
ALTER TABLE `reference_types`
  ADD PRIMARY KEY (`id`),
  ADD KEY `reference_types_created_by_foreign` (`created_by`),
  ADD KEY `reference_types_last_updated_by_foreign` (`last_updated_by`);

--
-- Indexes for table `refund_stocks`
--
ALTER TABLE `refund_stocks`
  ADD PRIMARY KEY (`id`),
  ADD KEY `refund_stocks_branch_id_foreign` (`branch_id`),
  ADD KEY `refund_stocks_stock_id_foreign` (`stock_id`),
  ADD KEY `refund_stocks_sold_id_foreign` (`sold_id`),
  ADD KEY `refund_stocks_sold_stock_id_foreign` (`sold_stock_id`),
  ADD KEY `refund_stocks_delivery_stock_id_foreign` (`delivery_stock_id`),
  ADD KEY `refund_stocks_transaction_type_id_foreign` (`transaction_type_id`),
  ADD KEY `refund_stocks_created_by_foreign` (`created_by`),
  ADD KEY `refund_stocks_last_updated_by_foreign` (`last_updated_by`);

--
-- Indexes for table `resolutions`
--
ALTER TABLE `resolutions`
  ADD PRIMARY KEY (`id`),
  ADD KEY `resolutions_created_by_foreign` (`created_by`),
  ADD KEY `resolutions_last_updated_by_foreign` (`last_updated_by`);

--
-- Indexes for table `returns`
--
ALTER TABLE `returns`
  ADD PRIMARY KEY (`id`),
  ADD KEY `returns_branch_id_foreign` (`branch_id`),
  ADD KEY `returns_created_by_foreign` (`created_by`),
  ADD KEY `returns_last_updated_by_foreign` (`last_updated_by`);

--
-- Indexes for table `return_stocks`
--
ALTER TABLE `return_stocks`
  ADD PRIMARY KEY (`id`),
  ADD KEY `return_stocks_return_id_foreign` (`return_id`),
  ADD KEY `return_stocks_stock_id_foreign` (`stock_id`),
  ADD KEY `return_stocks_delivery_stock_id_foreign` (`delivery_stock_id`),
  ADD KEY `return_stocks_created_by_foreign` (`created_by`),
  ADD KEY `return_stocks_last_updated_by_foreign` (`last_updated_by`);

--
-- Indexes for table `sizes`
--
ALTER TABLE `sizes`
  ADD PRIMARY KEY (`id`),
  ADD KEY `sizes_created_by_foreign` (`created_by`),
  ADD KEY `sizes_last_updated_by_foreign` (`last_updated_by`);

--
-- Indexes for table `solds`
--
ALTER TABLE `solds`
  ADD PRIMARY KEY (`id`),
  ADD KEY `solds_branch_id_foreign` (`branch_id`),
  ADD KEY `solds_transaction_type_id_foreign` (`transaction_type_id`),
  ADD KEY `solds_created_by_foreign` (`created_by`),
  ADD KEY `solds_last_updated_by_foreign` (`last_updated_by`);

--
-- Indexes for table `sold_stocks`
--
ALTER TABLE `sold_stocks`
  ADD PRIMARY KEY (`id`),
  ADD KEY `sold_stocks_sold_id_foreign` (`sold_id`),
  ADD KEY `sold_stocks_stock_id_foreign` (`stock_id`),
  ADD KEY `sold_stocks_delivery_stock_id_foreign` (`delivery_stock_id`),
  ADD KEY `sold_stocks_created_by_foreign` (`created_by`),
  ADD KEY `sold_stocks_last_updated_by_foreign` (`last_updated_by`);

--
-- Indexes for table `stocks`
--
ALTER TABLE `stocks`
  ADD PRIMARY KEY (`id`),
  ADD KEY `stocks_registration_id_foreign` (`registration_id`),
  ADD KEY `stocks_created_by_foreign` (`created_by`),
  ADD KEY `stocks_last_updated_by_foreign` (`last_updated_by`),
  ADD KEY `stocks_pbb_id_foreign` (`pbb_id`),
  ADD KEY `stocks_branch_id_foreign` (`branch_id`);

--
-- Indexes for table `stock_sequences`
--
ALTER TABLE `stock_sequences`
  ADD PRIMARY KEY (`id`),
  ADD KEY `stock_sequences_device_id_foreign` (`device_id`),
  ADD KEY `stock_sequences_category_id_foreign` (`category_id`),
  ADD KEY `stock_sequences_created_by_foreign` (`created_by`),
  ADD KEY `stock_sequences_last_updated_by_foreign` (`last_updated_by`);

--
-- Indexes for table `sub_models`
--
ALTER TABLE `sub_models`
  ADD PRIMARY KEY (`id`),
  ADD KEY `sub_models_created_by_foreign` (`created_by`),
  ADD KEY `sub_models_last_updated_by_foreign` (`last_updated_by`);

--
-- Indexes for table `suppliers`
--
ALTER TABLE `suppliers`
  ADD PRIMARY KEY (`id`),
  ADD KEY `suppliers_created_by_foreign` (`created_by`),
  ADD KEY `suppliers_last_updated_by_foreign` (`last_updated_by`);

--
-- Indexes for table `transaction_types`
--
ALTER TABLE `transaction_types`
  ADD PRIMARY KEY (`id`),
  ADD KEY `transaction_types_created_by_foreign` (`created_by`),
  ADD KEY `transaction_types_last_updated_by_foreign` (`last_updated_by`);

--
-- Indexes for table `types`
--
ALTER TABLE `types`
  ADD PRIMARY KEY (`id`),
  ADD KEY `types_created_by_foreign` (`created_by`),
  ADD KEY `types_last_updated_by_foreign` (`last_updated_by`);

--
-- Indexes for table `users`
--
ALTER TABLE `users`
  ADD PRIMARY KEY (`id`),
  ADD UNIQUE KEY `users_username_unique` (`username`),
  ADD UNIQUE KEY `users_email_unique` (`email`);

--
-- AUTO_INCREMENT for dumped tables
--

--
-- AUTO_INCREMENT for table `branches`
--
ALTER TABLE `branches`
  MODIFY `id` bigint(20) UNSIGNED NOT NULL AUTO_INCREMENT, AUTO_INCREMENT=38;

--
-- AUTO_INCREMENT for table `branch_users`
--
ALTER TABLE `branch_users`
  MODIFY `id` bigint(20) UNSIGNED NOT NULL AUTO_INCREMENT, AUTO_INCREMENT=12;

--
-- AUTO_INCREMENT for table `brands`
--
ALTER TABLE `brands`
  MODIFY `id` bigint(20) UNSIGNED NOT NULL AUTO_INCREMENT, AUTO_INCREMENT=30;

--
-- AUTO_INCREMENT for table `btbs`
--
ALTER TABLE `btbs`
  MODIFY `id` bigint(20) UNSIGNED NOT NULL AUTO_INCREMENT, AUTO_INCREMENT=5;

--
-- AUTO_INCREMENT for table `capacities`
--
ALTER TABLE `capacities`
  MODIFY `id` bigint(20) UNSIGNED NOT NULL AUTO_INCREMENT, AUTO_INCREMENT=340;

--
-- AUTO_INCREMENT for table `categories`
--
ALTER TABLE `categories`
  MODIFY `id` bigint(20) UNSIGNED NOT NULL AUTO_INCREMENT, AUTO_INCREMENT=69;

--
-- AUTO_INCREMENT for table `colors`
--
ALTER TABLE `colors`
  MODIFY `id` bigint(20) UNSIGNED NOT NULL AUTO_INCREMENT, AUTO_INCREMENT=12;

--
-- AUTO_INCREMENT for table `connectors`
--
ALTER TABLE `connectors`
  MODIFY `id` bigint(20) UNSIGNED NOT NULL AUTO_INCREMENT, AUTO_INCREMENT=5;

--
-- AUTO_INCREMENT for table `deliveries`
--
ALTER TABLE `deliveries`
  MODIFY `id` bigint(20) UNSIGNED NOT NULL AUTO_INCREMENT, AUTO_INCREMENT=6;

--
-- AUTO_INCREMENT for table `delivery_stocks`
--
ALTER TABLE `delivery_stocks`
  MODIFY `id` bigint(20) UNSIGNED NOT NULL AUTO_INCREMENT, AUTO_INCREMENT=14;

--
-- AUTO_INCREMENT for table `devices`
--
ALTER TABLE `devices`
  MODIFY `id` bigint(20) UNSIGNED NOT NULL AUTO_INCREMENT, AUTO_INCREMENT=13;

--
-- AUTO_INCREMENT for table `item_disableds`
--
ALTER TABLE `item_disableds`
  MODIFY `id` bigint(20) UNSIGNED NOT NULL AUTO_INCREMENT, AUTO_INCREMENT=72;

--
-- AUTO_INCREMENT for table `item_registrations`
--
ALTER TABLE `item_registrations`
  MODIFY `id` bigint(20) UNSIGNED NOT NULL AUTO_INCREMENT, AUTO_INCREMENT=11;

--
-- AUTO_INCREMENT for table `migrations`
--
ALTER TABLE `migrations`
  MODIFY `id` int(10) UNSIGNED NOT NULL AUTO_INCREMENT, AUTO_INCREMENT=36;

--
-- AUTO_INCREMENT for table `models`
--
ALTER TABLE `models`
  MODIFY `id` bigint(20) UNSIGNED NOT NULL AUTO_INCREMENT, AUTO_INCREMENT=1057;

--
-- AUTO_INCREMENT for table `password_resets`
--
ALTER TABLE `password_resets`
  MODIFY `id` bigint(20) UNSIGNED NOT NULL AUTO_INCREMENT;

--
-- AUTO_INCREMENT for table `pbbs`
--
ALTER TABLE `pbbs`
  MODIFY `id` bigint(20) UNSIGNED NOT NULL AUTO_INCREMENT, AUTO_INCREMENT=2;

--
-- AUTO_INCREMENT for table `pins`
--
ALTER TABLE `pins`
  MODIFY `id` bigint(20) UNSIGNED NOT NULL AUTO_INCREMENT, AUTO_INCREMENT=4;

--
-- AUTO_INCREMENT for table `reference_types`
--
ALTER TABLE `reference_types`
  MODIFY `id` bigint(20) UNSIGNED NOT NULL AUTO_INCREMENT, AUTO_INCREMENT=5;

--
-- AUTO_INCREMENT for table `refund_stocks`
--
ALTER TABLE `refund_stocks`
  MODIFY `id` bigint(20) UNSIGNED NOT NULL AUTO_INCREMENT;

--
-- AUTO_INCREMENT for table `resolutions`
--
ALTER TABLE `resolutions`
  MODIFY `id` bigint(20) UNSIGNED NOT NULL AUTO_INCREMENT, AUTO_INCREMENT=8;

--
-- AUTO_INCREMENT for table `returns`
--
ALTER TABLE `returns`
  MODIFY `id` bigint(20) UNSIGNED NOT NULL AUTO_INCREMENT, AUTO_INCREMENT=2;

--
-- AUTO_INCREMENT for table `return_stocks`
--
ALTER TABLE `return_stocks`
  MODIFY `id` bigint(20) UNSIGNED NOT NULL AUTO_INCREMENT;

--
-- AUTO_INCREMENT for table `sizes`
--
ALTER TABLE `sizes`
  MODIFY `id` bigint(20) UNSIGNED NOT NULL AUTO_INCREMENT, AUTO_INCREMENT=14;

--
-- AUTO_INCREMENT for table `solds`
--
ALTER TABLE `solds`
  MODIFY `id` bigint(20) UNSIGNED NOT NULL AUTO_INCREMENT, AUTO_INCREMENT=2;

--
-- AUTO_INCREMENT for table `sold_stocks`
--
ALTER TABLE `sold_stocks`
  MODIFY `id` bigint(20) UNSIGNED NOT NULL AUTO_INCREMENT, AUTO_INCREMENT=2;

--
-- AUTO_INCREMENT for table `stocks`
--
ALTER TABLE `stocks`
  MODIFY `id` bigint(20) UNSIGNED NOT NULL AUTO_INCREMENT, AUTO_INCREMENT=24;

--
-- AUTO_INCREMENT for table `stock_sequences`
--
ALTER TABLE `stock_sequences`
  MODIFY `id` bigint(20) UNSIGNED NOT NULL AUTO_INCREMENT, AUTO_INCREMENT=52;

--
-- AUTO_INCREMENT for table `sub_models`
--
ALTER TABLE `sub_models`
  MODIFY `id` bigint(20) UNSIGNED NOT NULL AUTO_INCREMENT, AUTO_INCREMENT=205;

--
-- AUTO_INCREMENT for table `suppliers`
--
ALTER TABLE `suppliers`
  MODIFY `id` bigint(20) UNSIGNED NOT NULL AUTO_INCREMENT, AUTO_INCREMENT=8;

--
-- AUTO_INCREMENT for table `transaction_types`
--
ALTER TABLE `transaction_types`
  MODIFY `id` bigint(20) UNSIGNED NOT NULL AUTO_INCREMENT, AUTO_INCREMENT=6;

--
-- AUTO_INCREMENT for table `types`
--
ALTER TABLE `types`
  MODIFY `id` bigint(20) UNSIGNED NOT NULL AUTO_INCREMENT, AUTO_INCREMENT=27;

--
-- AUTO_INCREMENT for table `users`
--
ALTER TABLE `users`
  MODIFY `id` bigint(20) UNSIGNED NOT NULL AUTO_INCREMENT, AUTO_INCREMENT=6;

--
-- Constraints for dumped tables
--

--
-- Constraints for table `branches`
--
ALTER TABLE `branches`
  ADD CONSTRAINT `branches_created_by_foreign` FOREIGN KEY (`created_by`) REFERENCES `users` (`id`),
  ADD CONSTRAINT `branches_last_updated_by_foreign` FOREIGN KEY (`last_updated_by`) REFERENCES `users` (`id`);

--
-- Constraints for table `branch_users`
--
ALTER TABLE `branch_users`
  ADD CONSTRAINT `branch_users_branch_id_foreign` FOREIGN KEY (`branch_id`) REFERENCES `branches` (`id`),
  ADD CONSTRAINT `branch_users_created_by_foreign` FOREIGN KEY (`created_by`) REFERENCES `users` (`id`),
  ADD CONSTRAINT `branch_users_last_updated_by_foreign` FOREIGN KEY (`last_updated_by`) REFERENCES `users` (`id`),
  ADD CONSTRAINT `branch_users_user_id_foreign` FOREIGN KEY (`user_id`) REFERENCES `users` (`id`);

--
-- Constraints for table `brands`
--
ALTER TABLE `brands`
  ADD CONSTRAINT `brands_created_by_foreign` FOREIGN KEY (`created_by`) REFERENCES `users` (`id`),
  ADD CONSTRAINT `brands_last_updated_by_foreign` FOREIGN KEY (`last_updated_by`) REFERENCES `users` (`id`);

--
-- Constraints for table `btbs`
--
ALTER TABLE `btbs`
  ADD CONSTRAINT `btbs_branch_id_foreign` FOREIGN KEY (`branch_id`) REFERENCES `branches` (`id`),
  ADD CONSTRAINT `btbs_created_by_foreign` FOREIGN KEY (`created_by`) REFERENCES `users` (`id`),
  ADD CONSTRAINT `btbs_delivery_stock_id_foreign` FOREIGN KEY (`delivery_stock_id`) REFERENCES `delivery_stocks` (`id`),
  ADD CONSTRAINT `btbs_from_branch_id_foreign` FOREIGN KEY (`from_branch_id`) REFERENCES `branches` (`id`),
  ADD CONSTRAINT `btbs_last_updated_by_foreign` FOREIGN KEY (`last_updated_by`) REFERENCES `users` (`id`),
  ADD CONSTRAINT `btbs_transaction_type_id_foreign` FOREIGN KEY (`transaction_type_id`) REFERENCES `transaction_types` (`id`);

--
-- Constraints for table `capacities`
--
ALTER TABLE `capacities`
  ADD CONSTRAINT `capacities_created_by_foreign` FOREIGN KEY (`created_by`) REFERENCES `users` (`id`),
  ADD CONSTRAINT `capacities_last_updated_by_foreign` FOREIGN KEY (`last_updated_by`) REFERENCES `users` (`id`);

--
-- Constraints for table `categories`
--
ALTER TABLE `categories`
  ADD CONSTRAINT `categories_created_by_foreign` FOREIGN KEY (`created_by`) REFERENCES `users` (`id`),
  ADD CONSTRAINT `categories_last_updated_by_foreign` FOREIGN KEY (`last_updated_by`) REFERENCES `users` (`id`);

--
-- Constraints for table `colors`
--
ALTER TABLE `colors`
  ADD CONSTRAINT `colors_created_by_foreign` FOREIGN KEY (`created_by`) REFERENCES `users` (`id`),
  ADD CONSTRAINT `colors_last_updated_by_foreign` FOREIGN KEY (`last_updated_by`) REFERENCES `users` (`id`);

--
-- Constraints for table `connectors`
--
ALTER TABLE `connectors`
  ADD CONSTRAINT `connectors_created_by_foreign` FOREIGN KEY (`created_by`) REFERENCES `users` (`id`),
  ADD CONSTRAINT `connectors_last_updated_by_foreign` FOREIGN KEY (`last_updated_by`) REFERENCES `users` (`id`);

--
-- Constraints for table `deliveries`
--
ALTER TABLE `deliveries`
  ADD CONSTRAINT `deliveries_branch_id_foreign` FOREIGN KEY (`branch_id`) REFERENCES `branches` (`id`),
  ADD CONSTRAINT `deliveries_created_by_foreign` FOREIGN KEY (`created_by`) REFERENCES `users` (`id`),
  ADD CONSTRAINT `deliveries_last_updated_by_foreign` FOREIGN KEY (`last_updated_by`) REFERENCES `users` (`id`);

--
-- Constraints for table `delivery_stocks`
--
ALTER TABLE `delivery_stocks`
  ADD CONSTRAINT `delivery_stocks_created_by_foreign` FOREIGN KEY (`created_by`) REFERENCES `users` (`id`),
  ADD CONSTRAINT `delivery_stocks_delivery_id_foreign` FOREIGN KEY (`delivery_id`) REFERENCES `deliveries` (`id`),
  ADD CONSTRAINT `delivery_stocks_last_updated_by_foreign` FOREIGN KEY (`last_updated_by`) REFERENCES `users` (`id`),
  ADD CONSTRAINT `delivery_stocks_stock_id_foreign` FOREIGN KEY (`stock_id`) REFERENCES `stocks` (`id`);

--
-- Constraints for table `devices`
--
ALTER TABLE `devices`
  ADD CONSTRAINT `devices_created_by_foreign` FOREIGN KEY (`created_by`) REFERENCES `users` (`id`),
  ADD CONSTRAINT `devices_last_updated_by_foreign` FOREIGN KEY (`last_updated_by`) REFERENCES `users` (`id`);

--
-- Constraints for table `item_disableds`
--
ALTER TABLE `item_disableds`
  ADD CONSTRAINT `item_disableds_category_id_foreign` FOREIGN KEY (`category_id`) REFERENCES `categories` (`id`),
  ADD CONSTRAINT `item_disableds_created_by_foreign` FOREIGN KEY (`created_by`) REFERENCES `users` (`id`),
  ADD CONSTRAINT `item_disableds_device_id_foreign` FOREIGN KEY (`device_id`) REFERENCES `devices` (`id`),
  ADD CONSTRAINT `item_disableds_last_updated_by_foreign` FOREIGN KEY (`last_updated_by`) REFERENCES `users` (`id`);

--
-- Constraints for table `item_registrations`
--
ALTER TABLE `item_registrations`
  ADD CONSTRAINT `item_registrations_branch_id_foreign` FOREIGN KEY (`branch_id`) REFERENCES `branches` (`id`),
  ADD CONSTRAINT `item_registrations_category_id_foreign` FOREIGN KEY (`category_id`) REFERENCES `categories` (`id`),
  ADD CONSTRAINT `item_registrations_created_by_foreign` FOREIGN KEY (`created_by`) REFERENCES `users` (`id`),
  ADD CONSTRAINT `item_registrations_device_id_foreign` FOREIGN KEY (`device_id`) REFERENCES `devices` (`id`),
  ADD CONSTRAINT `item_registrations_last_updated_by_foreign` FOREIGN KEY (`last_updated_by`) REFERENCES `users` (`id`),
  ADD CONSTRAINT `item_registrations_pbb_id_foreign` FOREIGN KEY (`pbb_id`) REFERENCES `pbbs` (`id`),
  ADD CONSTRAINT `item_registrations_reference_type_id_foreign` FOREIGN KEY (`reference_type_id`) REFERENCES `reference_types` (`id`),
  ADD CONSTRAINT `item_registrations_supplier_id_foreign` FOREIGN KEY (`supplier_id`) REFERENCES `suppliers` (`id`);

--
-- Constraints for table `models`
--
ALTER TABLE `models`
  ADD CONSTRAINT `models_created_by_foreign` FOREIGN KEY (`created_by`) REFERENCES `users` (`id`),
  ADD CONSTRAINT `models_last_updated_by_foreign` FOREIGN KEY (`last_updated_by`) REFERENCES `users` (`id`);

--
-- Constraints for table `password_resets`
--
ALTER TABLE `password_resets`
  ADD CONSTRAINT `password_resets_user_id_foreign` FOREIGN KEY (`user_id`) REFERENCES `users` (`id`);

--
-- Constraints for table `pbbs`
--
ALTER TABLE `pbbs`
  ADD CONSTRAINT `pbbs_branch_id_foreign` FOREIGN KEY (`branch_id`) REFERENCES `branches` (`id`),
  ADD CONSTRAINT `pbbs_created_by_foreign` FOREIGN KEY (`created_by`) REFERENCES `users` (`id`),
  ADD CONSTRAINT `pbbs_last_updated_by_foreign` FOREIGN KEY (`last_updated_by`) REFERENCES `users` (`id`),
  ADD CONSTRAINT `pbbs_reference_type_id_foreign` FOREIGN KEY (`reference_type_id`) REFERENCES `reference_types` (`id`),
  ADD CONSTRAINT `pbbs_supplier_id_foreign` FOREIGN KEY (`supplier_id`) REFERENCES `suppliers` (`id`);

--
-- Constraints for table `pins`
--
ALTER TABLE `pins`
  ADD CONSTRAINT `pins_created_by_foreign` FOREIGN KEY (`created_by`) REFERENCES `users` (`id`),
  ADD CONSTRAINT `pins_last_updated_by_foreign` FOREIGN KEY (`last_updated_by`) REFERENCES `users` (`id`);

--
-- Constraints for table `reference_types`
--
ALTER TABLE `reference_types`
  ADD CONSTRAINT `reference_types_created_by_foreign` FOREIGN KEY (`created_by`) REFERENCES `users` (`id`),
  ADD CONSTRAINT `reference_types_last_updated_by_foreign` FOREIGN KEY (`last_updated_by`) REFERENCES `users` (`id`);

--
-- Constraints for table `refund_stocks`
--
ALTER TABLE `refund_stocks`
  ADD CONSTRAINT `refund_stocks_branch_id_foreign` FOREIGN KEY (`branch_id`) REFERENCES `branches` (`id`),
  ADD CONSTRAINT `refund_stocks_created_by_foreign` FOREIGN KEY (`created_by`) REFERENCES `users` (`id`),
  ADD CONSTRAINT `refund_stocks_delivery_stock_id_foreign` FOREIGN KEY (`delivery_stock_id`) REFERENCES `delivery_stocks` (`id`),
  ADD CONSTRAINT `refund_stocks_last_updated_by_foreign` FOREIGN KEY (`last_updated_by`) REFERENCES `users` (`id`),
  ADD CONSTRAINT `refund_stocks_sold_id_foreign` FOREIGN KEY (`sold_id`) REFERENCES `solds` (`id`),
  ADD CONSTRAINT `refund_stocks_sold_stock_id_foreign` FOREIGN KEY (`sold_stock_id`) REFERENCES `sold_stocks` (`id`),
  ADD CONSTRAINT `refund_stocks_stock_id_foreign` FOREIGN KEY (`stock_id`) REFERENCES `stocks` (`id`),
  ADD CONSTRAINT `refund_stocks_transaction_type_id_foreign` FOREIGN KEY (`transaction_type_id`) REFERENCES `transaction_types` (`id`);

--
-- Constraints for table `resolutions`
--
ALTER TABLE `resolutions`
  ADD CONSTRAINT `resolutions_created_by_foreign` FOREIGN KEY (`created_by`) REFERENCES `users` (`id`),
  ADD CONSTRAINT `resolutions_last_updated_by_foreign` FOREIGN KEY (`last_updated_by`) REFERENCES `users` (`id`);

--
-- Constraints for table `returns`
--
ALTER TABLE `returns`
  ADD CONSTRAINT `returns_branch_id_foreign` FOREIGN KEY (`branch_id`) REFERENCES `branches` (`id`),
  ADD CONSTRAINT `returns_created_by_foreign` FOREIGN KEY (`created_by`) REFERENCES `users` (`id`),
  ADD CONSTRAINT `returns_last_updated_by_foreign` FOREIGN KEY (`last_updated_by`) REFERENCES `users` (`id`);

--
-- Constraints for table `return_stocks`
--
ALTER TABLE `return_stocks`
  ADD CONSTRAINT `return_stocks_created_by_foreign` FOREIGN KEY (`created_by`) REFERENCES `users` (`id`),
  ADD CONSTRAINT `return_stocks_delivery_stock_id_foreign` FOREIGN KEY (`delivery_stock_id`) REFERENCES `delivery_stocks` (`id`),
  ADD CONSTRAINT `return_stocks_last_updated_by_foreign` FOREIGN KEY (`last_updated_by`) REFERENCES `users` (`id`),
  ADD CONSTRAINT `return_stocks_return_id_foreign` FOREIGN KEY (`return_id`) REFERENCES `returns` (`id`),
  ADD CONSTRAINT `return_stocks_stock_id_foreign` FOREIGN KEY (`stock_id`) REFERENCES `stocks` (`id`);

--
-- Constraints for table `sizes`
--
ALTER TABLE `sizes`
  ADD CONSTRAINT `sizes_created_by_foreign` FOREIGN KEY (`created_by`) REFERENCES `users` (`id`),
  ADD CONSTRAINT `sizes_last_updated_by_foreign` FOREIGN KEY (`last_updated_by`) REFERENCES `users` (`id`);

--
-- Constraints for table `solds`
--
ALTER TABLE `solds`
  ADD CONSTRAINT `solds_branch_id_foreign` FOREIGN KEY (`branch_id`) REFERENCES `branches` (`id`),
  ADD CONSTRAINT `solds_created_by_foreign` FOREIGN KEY (`created_by`) REFERENCES `users` (`id`),
  ADD CONSTRAINT `solds_last_updated_by_foreign` FOREIGN KEY (`last_updated_by`) REFERENCES `users` (`id`),
  ADD CONSTRAINT `solds_transaction_type_id_foreign` FOREIGN KEY (`transaction_type_id`) REFERENCES `transaction_types` (`id`);

--
-- Constraints for table `sold_stocks`
--
ALTER TABLE `sold_stocks`
  ADD CONSTRAINT `sold_stocks_created_by_foreign` FOREIGN KEY (`created_by`) REFERENCES `users` (`id`),
  ADD CONSTRAINT `sold_stocks_delivery_stock_id_foreign` FOREIGN KEY (`delivery_stock_id`) REFERENCES `delivery_stocks` (`id`),
  ADD CONSTRAINT `sold_stocks_last_updated_by_foreign` FOREIGN KEY (`last_updated_by`) REFERENCES `users` (`id`),
  ADD CONSTRAINT `sold_stocks_sold_id_foreign` FOREIGN KEY (`sold_id`) REFERENCES `solds` (`id`),
  ADD CONSTRAINT `sold_stocks_stock_id_foreign` FOREIGN KEY (`stock_id`) REFERENCES `stocks` (`id`);

--
-- Constraints for table `stocks`
--
ALTER TABLE `stocks`
  ADD CONSTRAINT `stocks_branch_id_foreign` FOREIGN KEY (`branch_id`) REFERENCES `branches` (`id`),
  ADD CONSTRAINT `stocks_created_by_foreign` FOREIGN KEY (`created_by`) REFERENCES `users` (`id`),
  ADD CONSTRAINT `stocks_last_updated_by_foreign` FOREIGN KEY (`last_updated_by`) REFERENCES `users` (`id`),
  ADD CONSTRAINT `stocks_pbb_id_foreign` FOREIGN KEY (`pbb_id`) REFERENCES `pbbs` (`id`),
  ADD CONSTRAINT `stocks_registration_id_foreign` FOREIGN KEY (`registration_id`) REFERENCES `item_registrations` (`id`);

--
-- Constraints for table `stock_sequences`
--
ALTER TABLE `stock_sequences`
  ADD CONSTRAINT `stock_sequences_category_id_foreign` FOREIGN KEY (`category_id`) REFERENCES `categories` (`id`),
  ADD CONSTRAINT `stock_sequences_created_by_foreign` FOREIGN KEY (`created_by`) REFERENCES `users` (`id`),
  ADD CONSTRAINT `stock_sequences_device_id_foreign` FOREIGN KEY (`device_id`) REFERENCES `devices` (`id`),
  ADD CONSTRAINT `stock_sequences_last_updated_by_foreign` FOREIGN KEY (`last_updated_by`) REFERENCES `users` (`id`);

--
-- Constraints for table `sub_models`
--
ALTER TABLE `sub_models`
  ADD CONSTRAINT `sub_models_created_by_foreign` FOREIGN KEY (`created_by`) REFERENCES `users` (`id`),
  ADD CONSTRAINT `sub_models_last_updated_by_foreign` FOREIGN KEY (`last_updated_by`) REFERENCES `users` (`id`);

--
-- Constraints for table `suppliers`
--
ALTER TABLE `suppliers`
  ADD CONSTRAINT `suppliers_created_by_foreign` FOREIGN KEY (`created_by`) REFERENCES `users` (`id`),
  ADD CONSTRAINT `suppliers_last_updated_by_foreign` FOREIGN KEY (`last_updated_by`) REFERENCES `users` (`id`);

--
-- Constraints for table `transaction_types`
--
ALTER TABLE `transaction_types`
  ADD CONSTRAINT `transaction_types_created_by_foreign` FOREIGN KEY (`created_by`) REFERENCES `users` (`id`),
  ADD CONSTRAINT `transaction_types_last_updated_by_foreign` FOREIGN KEY (`last_updated_by`) REFERENCES `users` (`id`);

--
-- Constraints for table `types`
--
ALTER TABLE `types`
  ADD CONSTRAINT `types_created_by_foreign` FOREIGN KEY (`created_by`) REFERENCES `users` (`id`),
  ADD CONSTRAINT `types_last_updated_by_foreign` FOREIGN KEY (`last_updated_by`) REFERENCES `users` (`id`);
COMMIT;

/*!40101 SET CHARACTER_SET_CLIENT=@OLD_CHARACTER_SET_CLIENT */;
/*!40101 SET CHARACTER_SET_RESULTS=@OLD_CHARACTER_SET_RESULTS */;
/*!40101 SET COLLATION_CONNECTION=@OLD_COLLATION_CONNECTION */;
